0, 0, 6.728543795963205e-15
0, 1, 9.256307620445913e-15
0, 2, 3.2831621461229584e-12
0, 3, 7.9987068278439e-13
0, 4, 3.0960329557888154e-13
0, 5, 5.621979516144158e-13
0, 6, 4.2720834559264494e-13
0, 7, 9.199027155518601e-13
0, 8, 5.846679539991939e-11
0, 9, 2.56655058509834e-10
0, 10, 6.640159385413569e-9
0, 11, 7.355248419004117e-11
0, 12, 1.6110106037197594e-9
0, 13, 5.613072402046149e-10
0, 14, 3.975465248421947e-9
0, 15, 4.963209195315048e-9
0, 16, 5.674107662738251e-9
0, 17, 2.3529164188406137e-13
0, 18, 4.2644506840946757e-10
0, 19, 3.177951447133882e-10
0, 20, 9.975627022089985e-10
0, 21, 1.5501904830028663e-9
0, 22, 8.780676889093152e-10
0, 23, 4.908119039862783e-10
0, 24, 3.515033594170718e-10
0, 25, 7.49711532181904e-12
0, 26, 8.318903834795167e-10
0, 27, 1.4458715455944488e-11
0, 28, 4.381352628522126e-9
0, 29, 2.072365092199421e-9
0, 30, 7.730212535800132e-10
0, 31, 1.427204419281416e-10
0, 32, 4.478086202211493e-9
0, 33, 1.4166581552302902e-11
0, 34, 6.513373859595248e-11
0, 35, 1.926880387791149e-11
0, 36, 9.747407181999235e-14
0, 37, 2.3732973324053527e-15
0, 38, 8.508972162544824e-12
0, 39, 2.380172360361751e-13
1, 0, 7.437405456224945e-12
1, 1, 4.4275874359514135e-12
1, 2, 3.3753606073824983e-13
1, 3, 1.7264932398785909e-13
1, 4, 2.5047283580104734e-12
1, 5, 6.680668328894351e-12
1, 6, 3.935479261272274e-11
1, 7, 1.1371834359557065e-12
1, 8, 2.980208662066185e-10
1, 9, 2.8652380496248454e-13
1, 10, 1.0671816732710899e-15
1, 11, 6.987647006070119e-13
1, 12, 2.7596394197580063e-11
1, 13, 2.8731360171118628e-11
1, 14, 3.8898201407955195e-11
1, 15, 2.1864730250669908e-11
1, 16, 7.393033327444014e-11
1, 17, 1.23915116207787e-11
1, 18, 2.471607072005384e-12
1, 19, 1.7770306336195963e-13
1, 20, 4.867910409243845e-16
1, 21, 1.6624006300693435e-13
1, 22, 1.1804973626631665e-13
1, 23, 2.1964979159365043e-12
1, 24, 7.220448657026477e-12
1, 25, 2.2609260629115376e-10
1, 26, 9.156580940578506e-13
1, 27, 5.978967312570925e-11
1, 28, 6.10573690794572e-11
1, 29, 3.416581356843271e-9
1, 30, 8.274054778392528e-10
1, 31, 4.525083528074635e-10
1, 32, 1.5159869902954438e-9
1, 33, 3.821746931550298e-11
1, 34, 2.4969044149033718e-12
1, 35, 7.402651250691586e-12
1, 36, 1.2190694099193848e-11
1, 37, 2.897833113090087e-15
1, 38, 8.380600047816546e-13
1, 39, 1.8051717228911592e-12
2, 0, 1.0256085192813931e-12
2, 1, 1.1363588951015826e-12
2, 2, 4.393346494398802e-12
2, 3, 3.002105073049644e-12
2, 4, 9.570533930187776e-13
2, 5, 2.811356291840782e-15
2, 6, 9.093395893700489e-13
2, 7, 6.935393677100816e-14
2, 8, 2.4093558635004396e-12
2, 9, 4.8320785275030776e-11
2, 10, 3.9371234750463085e-11
2, 11, 6.534653696446971e-12
2, 12, 2.8047210795552588e-11
2, 13, 7.1213569961599135e-12
2, 14, 4.2989093109718467e-13
2, 15, 2.745619544052604e-10
2, 16, 5.2967729702573555e-12
2, 17, 6.267957630082005e-13
2, 18, 7.372950284212796e-12
2, 19, 9.74682352937686e-13
2, 20, 9.223012825532718e-14
2, 21, 1.226469813006897e-12
2, 22, 5.440717450314113e-13
2, 23, 5.9699276072403725e-12
2, 24, 2.591839582553743e-13
2, 25, 3.3832708977461587e-12
2, 26, 3.2664187923630676e-10
2, 27, 1.5305869992207126e-12
2, 28, 2.3142120986975235e-10
2, 29, 9.495522032239287e-13
2, 30, 3.413414380514753e-11
2, 31, 1.4081474694889684e-11
2, 32, 1.2834302324330653e-10
2, 33, 8.064763345400892e-11
2, 34, 4.609499365917086e-13
2, 35, 3.039999645353552e-13
2, 36, 7.756887063060886e-14
2, 37, 8.460883026064666e-12
2, 38, 2.094719640561249e-11
2, 39, 2.6556675410864073e-13
3, 0, 3.56856193761066e-16
3, 1, 3.9406554698873633e-13
3, 2, 7.381524736799648e-12
3, 3, 3.297798331892996e-13
3, 4, 8.533901023909484e-12
3, 5, 4.7874677812876664e-14
3, 6, 2.474906225614142e-13
3, 7, 5.733990147355686e-15
3, 8, 1.5048696474045276e-11
3, 9, 3.0478773732331576e-11
3, 10, 9.282952168854973e-14
3, 11, 1.5378590867546426e-13
3, 12, 4.921214446377893e-13
3, 13, 2.391750470009798e-13
3, 14, 4.5394701015068906e-13
3, 15, 4.562250359195072e-12
3, 16, 7.378163384673708e-12
3, 17, 2.676371605081471e-12
3, 18, 1.7718244495432613e-13
3, 19, 5.1734535054031646e-15
3, 20, 3.179331299171006e-14
3, 21, 4.247860785991301e-14
3, 22, 4.8791495680551636e-14
3, 23, 4.3857635550615564e-14
3, 24, 3.208429487484394e-12
3, 25, 1.0244589966395248e-11
3, 26, 1.4452762848764833e-11
3, 27, 6.333653837193137e-12
3, 28, 3.534665554533311e-13
3, 29, 1.7288372976691815e-12
3, 30, 1.2466881175011604e-12
3, 31, 1.6599170605047438e-12
3, 32, 2.699425945640711e-11
3, 33, 2.9845611338057327e-15
3, 34, 2.905041631139124e-13
3, 35, 1.3659091491193312e-12
3, 36, 5.488634216395978e-12
3, 37, 5.420946791043837e-14
3, 38, 3.978232010913339e-13
3, 39, 4.5035987543457505e-12
4, 0, 2.4737097448664158e-11
4, 1, 4.440867878353785e-11
4, 2, 2.2871381049494646e-11
4, 3, 1.288406792349616e-13
4, 4, 7.779243046708883e-13
4, 5, 8.071798496866388e-12
4, 6, 7.631588240203256e-13
4, 7, 1.0226914134288468e-13
4, 8, 7.378894690439684e-12
4, 9, 2.013337884856382e-14
4, 10, 2.316082566914384e-15
4, 11, 3.0154053073868724e-12
4, 12, 1.4757910273390418e-14
4, 13, 1.4480731926341441e-13
4, 14, 2.0939546441956614e-13
4, 15, 6.773171922311183e-16
4, 16, 9.584247932565973e-16
4, 17, 4.939928862287903e-13
4, 18, 5.987135946757477e-12
4, 19, 1.3759805917003816e-11
4, 20, 1.629248792394247e-11
4, 21, 1.596101031947771e-11
4, 22, 1.3916275010758284e-11
4, 23, 6.924449854136623e-12
4, 24, 6.707778647269921e-13
4, 25, 1.3415292938621039e-15
4, 26, 1.6717614027017063e-15
4, 27, 5.242496130154845e-14
4, 28, 9.587608903126284e-15
4, 29, 1.029076732983398e-12
4, 30, 1.3500802631909686e-12
4, 31, 8.587477048866746e-14
4, 32, 5.424160009402067e-13
4, 33, 2.218425271030093e-13
4, 34, 5.701764393804748e-13
4, 35, 1.9419490972004853e-12
4, 36, 1.7604017794181206e-12
4, 37, 8.523333986841828e-12
4, 38, 9.265494066557512e-14
4, 39, 7.066731047270482e-11
5, 0, 6.19412018657819e-14
5, 1, 2.255675396250869e-13
5, 2, 1.1458630037827034e-13
5, 3, 3.6997563900023226e-11
5, 4, 8.324345843645552e-14
5, 5, 5.215021183558197e-13
5, 6, 8.8592205306193e-12
5, 7, 5.546799531739511e-14
5, 8, 2.6680257129293443e-15
5, 9, 3.4424728162244743e-16
5, 10, 6.9179284221615304e-15
5, 11, 3.339263713357692e-12
5, 12, 3.841511767459061e-14
5, 13, 1.063935621765407e-12
5, 14, 9.102685846931358e-13
5, 15, 1.0866340920417368e-15
5, 16, 4.51699733229402e-15
5, 17, 4.391795836149132e-12
5, 18, 2.1724755827894675e-11
5, 19, 2.976366036894999e-11
5, 20, 2.7760867505974082e-11
5, 21, 2.5556319957293872e-11
5, 22, 2.3997810540050238e-11
5, 23, 2.1645827552799995e-11
5, 24, 5.250055563190662e-12
5, 25, 2.1652909560321235e-15
5, 26, 2.397570170450196e-15
5, 27, 1.8051709732724709e-12
5, 28, 3.34573799040568e-14
5, 29, 4.0707754587023564e-12
5, 30, 6.390004874154319e-14
5, 31, 7.493828425330574e-13
5, 32, 4.781700450466596e-12
5, 33, 1.1777501442250386e-13
5, 34, 7.805046953990473e-12
5, 35, 6.74843247190682e-13
5, 36, 6.933452678152049e-12
5, 37, 1.0240796226331292e-11
5, 38, 1.876124546747617e-11
5, 39, 1.641784859542768e-14
6, 0, 5.946855605420684e-14
6, 1, 1.0511445917070365e-12
6, 2, 1.0354709026660287e-11
6, 3, 1.857542757255121e-14
6, 4, 4.329309464309964e-11
6, 5, 4.297417259463096e-15
6, 6, 4.469885895323193e-14
6, 7, 4.180737086794736e-15
6, 8, 4.341073469633396e-15
6, 9, 1.6056883796542164e-12
6, 10, 7.399423428891602e-13
6, 11, 1.4858624125449722e-12
6, 12, 9.37926463871752e-12
6, 13, 4.948679903446834e-13
6, 14, 4.882275644351873e-12
6, 15, 3.966885157886933e-14
6, 16, 6.440787613154531e-14
6, 17, 1.083591734870568e-14
6, 18, 1.4592480606149771e-12
6, 19, 1.0950598257102122e-11
6, 20, 1.892672028075011e-11
6, 21, 2.029812093560825e-11
6, 22, 1.868676603399134e-11
6, 23, 3.9693911611991015e-12
6, 24, 1.07327130324409e-15
6, 25, 4.26295246167117e-14
6, 26, 5.562409336262275e-15
6, 27, 9.533810680624456e-15
6, 28, 1.0143058297031233e-13
6, 29, 9.32815368930785e-13
6, 30, 6.853462571405996e-14
6, 31, 1.4325652723845003e-14
6, 32, 4.996741563589955e-13
6, 33, 3.7999282600810743e-13
6, 34, 1.4350469689797135e-11
6, 35, 2.3030883045705816e-13
6, 36, 2.5260273678032603e-13
6, 37, 1.3421777422200231e-11
6, 38, 4.0116139359766804e-14
6, 39, 6.491816121244755e-13
7, 0, 3.555874603979165e-10
7, 1, 1.704583439178246e-10
7, 2, 1.4962781566611988e-11
7, 3, 5.0417036224263696e-12
7, 4, 1.0203762805033751e-11
7, 5, 1.1626962520059337e-13
7, 6, 1.979351476527745e-12
7, 7, 4.217886902883319e-12
7, 8, 7.241637003650676e-16
7, 9, 2.8691477260238366e-14
7, 10, 1.150483897585217e-13
7, 11, 3.572517875749254e-14
7, 12, 1.5665370283467163e-13
7, 13, 9.795241162978602e-13
7, 14, 1.7846395903297947e-12
7, 15, 5.748460558023975e-12
7, 16, 1.898888059952643e-13
7, 17, 6.656738083997786e-14
7, 18, 2.829603833030758e-14
7, 19, 2.4278558864142942e-15
7, 20, 9.413951027385829e-14
7, 21, 1.3095091171067124e-13
7, 22, 1.3061752366199029e-13
7, 23, 3.690737234506129e-14
7, 24, 3.6233630995203155e-14
7, 25, 1.1267096260045063e-13
7, 26, 5.1684283336236106e-12
7, 27, 4.181405962561809e-12
7, 28, 1.0045736671929225e-12
7, 29, 7.35969903137823e-12
7, 30, 3.812942418351481e-14
7, 31, 5.973188558331784e-13
7, 32, 3.057897019750012e-14
7, 33, 4.383443289021882e-12
7, 34, 3.0810171852512784e-13
7, 35, 8.310072359530907e-14
7, 36, 3.9004308040029034e-11
7, 37, 8.694759290186461e-14
7, 38, 1.5298963498959818e-13
7, 39, 2.3029842838399203e-14
8, 0, 6.777806951490111e-11
8, 1, 2.4971239862185995e-11
8, 2, 1.8936935531625287e-10
8, 3, 8.338805487835936e-15
8, 4, 1.0348486752865072e-13
8, 5, 2.6489709192523648e-11
8, 6, 1.0147059199037238e-13
8, 7, 5.6563347282522264e-14
8, 8, 1.6403345393481177e-12
8, 9, 3.023018126022114e-14
8, 10, 5.396315115331481e-13
8, 11, 4.876125235564711e-17
8, 12, 1.272399726271272e-11
8, 13, 1.5874246777289813e-14
8, 14, 8.177654280979114e-12
8, 15, 9.822213366372805e-12
8, 16, 8.965153930405076e-14
8, 17, 2.0832360102189177e-14
8, 18, 7.085760814395335e-14
8, 19, 3.821662404090979e-15
8, 20, 6.276430449641097e-14
8, 21, 5.4205307069981627e-14
8, 22, 3.70156330022877e-14
8, 23, 3.8804218376202105e-14
8, 24, 1.7902909937493395e-15
8, 25, 5.170492052487838e-14
8, 26, 4.2976213370299316e-12
8, 27, 2.890867049099816e-13
8, 28, 1.1492685533672151e-11
8, 29, 6.941606883849326e-15
8, 30, 1.956836549704866e-12
8, 31, 3.2445646599627244e-12
8, 32, 3.761926626219489e-14
8, 33, 5.605413911818333e-12
8, 34, 8.0208699047256e-14
8, 35, 1.863231831962169e-13
8, 36, 1.8361961671165195e-11
8, 37, 5.105258303481501e-12
8, 38, 7.063157024048523e-16
8, 39, 9.414992578836697e-11
9, 0, 1.5902329327944802e-14
9, 1, 4.543963206442869e-12
9, 2, 6.929210657105278e-13
9, 3, 4.013783958487255e-13
9, 4, 2.587735798392279e-12
9, 5, 3.178632662796436e-13
9, 6, 1.4791501279397043e-13
9, 7, 7.879444937431291e-14
9, 8, 2.0100258953402475e-15
9, 9, 1.7450941675865433e-14
9, 10, 1.3516267614880654e-12
9, 11, 1.0421933749765263e-12
9, 12, 1.3223333205694984e-11
9, 13, 6.88149674995693e-14
9, 14, 3.1374279628340823e-12
9, 15, 2.619484547624515e-12
9, 16, 3.40372111630823e-12
9, 17, 2.663105445206044e-13
9, 18, 4.1862048502351075e-14
9, 19, 3.98686856522225e-14
9, 20, 1.772387857902611e-16
9, 21, 7.296402752532719e-17
9, 22, 2.046229967134382e-15
9, 23, 6.698019913988543e-14
9, 24, 1.3981478117024702e-13
9, 25, 1.8116741644948962e-12
9, 26, 2.808412313224275e-13
9, 27, 3.0518186810987917e-13
9, 28, 1.156394973341515e-11
9, 29, 1.2510311016751754e-12
9, 30, 1.3953988816484406e-12
9, 31, 8.973054172220679e-13
9, 32, 2.7783738162670616e-13
9, 33, 9.883827419759023e-12
9, 34, 2.2855552174898417e-12
9, 35, 3.151470461274695e-12
9, 36, 1.7380228123725374e-12
9, 37, 3.897660430510705e-12
9, 38, 9.66721796533866e-11
9, 39, 4.9615169597705e-11
10, 0, 3.6342757772133072e-12
10, 1, 2.119396299289749e-12
10, 2, 1.08189481581166e-11
10, 3, 1.1014455234538253e-13
10, 4, 4.832833352610175e-13
10, 5, 1.2846811004081161e-11
10, 6, 8.663342536156684e-16
10, 7, 5.591861460671049e-14
10, 8, 8.076496933436445e-13
10, 9, 7.401566019806725e-15
10, 10, 8.124349694845716e-13
10, 11, 2.6197135273727397e-12
10, 12, 8.032591931933289e-12
10, 13, 1.4559872752564384e-14
10, 14, 6.440512271032442e-13
10, 15, 3.891540633262641e-13
10, 16, 6.2691444843324676e-12
10, 17, 3.2290209743176896e-13
10, 18, 3.699255126202511e-14
10, 19, 3.6189237189916445e-14
10, 20, 3.777211999253032e-15
10, 21, 3.208070208376421e-15
10, 22, 2.195971858852216e-15
10, 23, 7.58845752733724e-14
10, 24, 1.23685114857639e-13
10, 25, 1.7712209140068778e-12
10, 26, 2.1609211320507544e-13
10, 27, 5.016455535504114e-13
10, 28, 1.2930810897182407e-11
10, 29, 1.566920955701426e-12
10, 30, 1.380629293259457e-12
10, 31, 3.2041048664784284e-13
10, 32, 2.0968025129313292e-13
10, 33, 7.263151372655454e-12
10, 34, 3.1946158328138667e-12
10, 35, 8.851552653846871e-12
10, 36, 3.439783344126409e-14
10, 37, 9.809006238053544e-13
10, 38, 3.1833807550895265e-11
10, 39, 1.0453266572868937e-11
11, 0, 1.923117565833102e-14
11, 1, 1.086412501545521e-12
11, 2, 6.6953189705822735e-16
11, 3, 5.3987297437023055e-12
11, 4, 9.132346060722189e-12
11, 5, 3.9772061068129953e-13
11, 6, 1.7417999678425613e-13
11, 7, 2.9966073405609695e-14
11, 8, 1.6700348387016234e-16
11, 9, 1.583534242120198e-14
11, 10, 1.553939033386799e-12
11, 11, 1.1822402936669055e-12
11, 12, 1.9584229097080053e-11
11, 13, 1.072745251402124e-13
11, 14, 7.04885639913588e-12
11, 15, 9.787468858509485e-12
11, 16, 4.596836912004657e-13
11, 17, 2.0564462848625923e-14
11, 18, 4.9866376265133054e-14
11, 19, 8.669288671661492e-14
11, 20, 1.6907916768335986e-13
11, 21, 1.600689953519781e-13
11, 22, 1.338340164481467e-13
11, 23, 3.425197672069334e-16
11, 24, 1.9240276682699705e-14
11, 25, 3.737207665179676e-16
11, 26, 6.255231674730362e-12
11, 27, 8.707632333360895e-14
11, 28, 1.7147273448487007e-11
11, 29, 2.8284724597881466e-13
11, 30, 2.9879243865015e-12
11, 31, 1.0608721825858621e-12
11, 32, 2.1232754399890703e-13
11, 33, 6.8956407433970105e-12
11, 34, 8.789432695432018e-13
11, 35, 3.085582237208108e-13
11, 36, 5.213944547550583e-12
11, 37, 1.1090596838888563e-11
11, 38, 9.73296080960369e-16
11, 39, 7.250363725754131e-12
12, 0, 5.371042942711785e-13
12, 1, 4.7791676637680654e-12
12, 2, 2.236698587864212e-11
12, 3, 1.6765038975495032e-11
12, 4, 1.0502038865204787e-13
12, 5, 5.925746795565005e-12
12, 6, 1.6267662369762545e-12
12, 7, 1.919811434187675e-13
12, 8, 4.56825828836295e-13
12, 9, 4.2803000036580336e-16
12, 10, 1.6134342311097046e-13
12, 11, 2.028285338948134e-13
12, 12, 1.1122378597349669e-11
12, 13, 8.805551313376808e-13
12, 14, 1.4829616270025527e-11
12, 15, 1.46990969951601e-11
12, 16, 2.849086644149867e-13
12, 17, 3.513690523621925e-14
12, 18, 8.248706887201732e-14
12, 19, 1.2768904589994053e-12
12, 20, 6.031661339561992e-12
12, 21, 5.820242806820825e-12
12, 22, 6.331598637106717e-12
12, 23, 4.356807814161201e-14
12, 24, 1.1177951010202017e-15
12, 25, 9.796057599547768e-14
12, 26, 1.1649170811525149e-11
12, 27, 9.894682814952879e-12
12, 28, 2.9194587850166494e-12
12, 29, 1.1450119560239353e-11
12, 30, 9.193903431610003e-13
12, 31, 2.651831839021505e-12
12, 32, 7.327158943621239e-14
12, 33, 8.285070357142962e-14
12, 34, 3.062116953856658e-14
12, 35, 1.910756768955295e-13
12, 36, 3.506158416961187e-13
12, 37, 9.865443657849692e-12
12, 38, 1.009018968529365e-11
12, 39, 1.802862148118847e-11
13, 0, 1.6593185264422388e-11
13, 1, 2.1501438687421294e-11
13, 2, 1.5055482285137794e-11
13, 3, 2.0215012288631545e-12
13, 4, 2.5974213614152794e-13
13, 5, 1.5008898772837914e-13
13, 6, 1.3817300629121646e-14
13, 7, 4.44271859601111e-12
13, 8, 1.4209625533601082e-13
13, 9, 4.88338987572664e-17
13, 10, 7.190870648135057e-13
13, 11, 4.60894546229134e-15
13, 12, 2.3352205545447234e-11
13, 13, 1.1186138556419367e-14
13, 14, 1.6169160913539587e-11
13, 15, 1.5391097230248633e-11
13, 16, 2.0738958768633952e-13
13, 17, 6.954927389137629e-14
13, 18, 8.304888141107584e-14
13, 19, 4.7287144169705575e-15
13, 20, 3.5745810664780273e-13
13, 21, 3.302967404828873e-13
13, 22, 3.6073996441203694e-13
13, 23, 9.51872107471855e-14
13, 24, 4.6146302952898416e-14
13, 25, 1.9985122515892097e-13
13, 26, 1.057440376485835e-11
13, 27, 3.854831984843719e-12
13, 28, 9.693480760356987e-12
13, 29, 2.8006081749221346e-12
13, 30, 2.0823170133673387e-12
13, 31, 3.682349997592545e-12
13, 32, 9.080596936437052e-14
13, 33, 2.036842130755757e-12
13, 34, 7.738706388595854e-13
13, 35, 2.4893621073754523e-12
13, 36, 3.7619448080223896e-13
13, 37, 1.1420270854169993e-11
13, 38, 7.159603238095189e-13
13, 39, 5.084678158399994e-13
14, 0, 1.2588572608554776e-11
14, 1, 7.64878305584781e-12
14, 2, 3.0677030805948393e-13
14, 3, 3.718766745439782e-12
14, 4, 6.269493684869241e-14
14, 5, 5.4860604342564335e-14
14, 6, 7.539777245486652e-13
14, 7, 5.375036794759647e-12
14, 8, 3.787533055325909e-12
14, 9, 6.630337381122078e-14
14, 10, 4.203966634419931e-14
14, 11, 6.90153191675368e-15
14, 12, 1.9008775491741704e-14
14, 13, 3.7626031636658664e-13
14, 14, 6.3202696511043435e-15
14, 15, 4.840768908895317e-13
14, 16, 3.4074219840686436e-12
14, 17, 6.370095301174714e-14
14, 18, 1.9521601892580267e-12
14, 19, 3.178176274171732e-12
14, 20, 2.6512805471853454e-12
14, 21, 2.4260750940260957e-12
14, 22, 1.939619506882449e-12
14, 23, 1.3570437494917147e-12
14, 24, 6.137038995376147e-15
14, 25, 1.7272478032919487e-12
14, 26, 8.766475385260925e-13
14, 27, 4.4339768993441077e-14
14, 28, 1.4099800755531446e-12
14, 29, 6.692471376712883e-15
14, 30, 7.007030993535722e-14
14, 31, 7.050904822711772e-16
14, 32, 2.1043336407536906e-12
14, 33, 4.1022869594333484e-13
14, 34, 1.303144470263256e-11
14, 35, 4.052341035835992e-15
14, 36, 1.3976494667194086e-12
14, 37, 1.4405937481403083e-12
14, 38, 1.9720813508297205e-11
14, 39, 5.928937990032378e-14
15, 0, 5.308084551762057e-12
15, 1, 6.805307998028982e-12
15, 2, 4.58184864670274e-14
15, 3, 1.0776063149711778e-14
15, 4, 9.748202504081304e-15
15, 5, 2.7424479558675757e-12
15, 6, 8.36361785546961e-12
15, 7, 3.8736665981312214e-11
15, 8, 5.919599613068545e-15
15, 9, 2.0882400059287234e-10
15, 10, 1.3121562751711763e-11
15, 11, 1.5794933154144159e-12
15, 12, 2.1843305789111922e-13
15, 13, 2.584955162135647e-12
15, 14, 7.901850416496736e-11
15, 15, 2.2445969867739617e-13
15, 16, 2.7027076370439326e-11
15, 17, 9.010821543858356e-14
15, 18, 3.0120634146710114e-12
15, 19, 1.4115951292789455e-12
15, 20, 6.48872479260416e-14
15, 21, 1.3425154806062763e-14
15, 22, 1.1809464163292456e-13
15, 23, 3.898857052476778e-11
15, 24, 5.287866862446466e-13
15, 25, 2.1811977445060106e-11
15, 26, 1.1651699310401122e-13
15, 27, 7.067547148223705e-11
15, 28, 2.5882033222534403e-11
15, 29, 5.750345290860295e-13
15, 30, 1.719119476157256e-11
15, 31, 1.145212610160176e-10
15, 32, 1.1595024841554609e-12
15, 33, 3.932748074062445e-13
15, 34, 3.77371776750049e-11
15, 35, 1.2036227219223178e-11
15, 36, 5.685685186330752e-16
15, 37, 1.9564734708979488e-12
15, 38, 1.1955138330755512e-13
15, 39, 5.9945416939967615e-12
16, 0, 1.861553041909965e-14
16, 1, 2.206544343713313e-13
16, 2, 9.66183263790607e-13
16, 3, 7.255680321349274e-16
16, 4, 2.2150355978561976e-12
16, 5, 9.461306616487464e-13
16, 6, 2.504334237149284e-12
16, 7, 6.7427343502474e-14
16, 8, 3.3219484208519956e-11
16, 9, 3.634851031105949e-11
16, 10, 0.1140731107246692
16, 11, 74.7872050341015
16, 12, 137.65446655742247
16, 13, 159.80979392437737
16, 14, 90.40476470435556
16, 15, 4.229634476056255
16, 16, 1.7579450222733616e-10
16, 17, 3.356378675016828e-11
16, 18, 9.296413414633956e-10
16, 19, 1.0919888856848661e-11
16, 20, 3.3655801014637147e-10
16, 21, 6.161428095952918e-11
16, 22, 1.1532783760895711e-10
16, 23, 4.687390711176706e-10
16, 24, 6.472597517226786e-10
16, 25, 2.426904069126552e-10
16, 26, 10.64989236905317
16, 27, 75.59348659319281
16, 28, 110.16338422169386
16, 29, 125.64404442633017
16, 30, 86.54658292459024
16, 31, 12.5075602253097
16, 32, 3.263411645400371e-11
16, 33, 9.857244382959397e-11
16, 34, 2.681425486176142e-14
16, 35, 8.100520980854672e-12
16, 36, 1.0731228586833249e-12
16, 37, 7.386625059778423e-13
16, 38, 2.7447614838442993e-14
16, 39, 1.1950485184749772e-12
17, 0, 4.894909829642356e-16
17, 1, 2.849932914609389e-16
17, 2, 7.872675613336735e-13
17, 3, 5.700404086151502e-14
17, 4, 7.908821920429756e-16
17, 5, 7.641213805398595e-14
17, 6, 5.7448861499693725e-12
17, 7, 1.5053219316034925e-11
17, 8, 8.426119620320633e-10
17, 9, 192.36143329904618
17, 10, 575.8827750174132
17, 11, 985.0937438394482
17, 12, 1259.9158389315053
17, 13, 1347.9113274585327
17, 14, 1180.059682106014
17, 15, 864.3805143393473
17, 16, 539.2519113768772
17, 17, 252.87322120162494
17, 18, 59.94212873808095
17, 19, 1.9740757870331934e-10
17, 20, 4.432190157869873e-15
17, 21, 3.127232845588462e-15
17, 22, 3.286162813512729e-10
17, 23, 93.17992654785263
17, 24, 312.7563681185679
17, 25, 609.3892533138807
17, 26, 922.4471527736897
17, 27, 1186.4915308170068
17, 28, 1293.1327545260979
17, 29, 1256.212812428902
17, 30, 1020.075966083974
17, 31, 614.1014273580063
17, 32, 211.10910133619237
17, 33, 1.444721209617469e-11
17, 34, 1.2878755633139976e-11
17, 35, 6.664370672903523e-12
17, 36, 9.678034375940338e-14
17, 37, 6.47133724762849e-13
17, 38, 3.163735900220629e-12
17, 39, 7.083351012723511e-14
18, 0, 1.0710030464261518e-13
18, 1, 1.9075130279677168e-15
18, 2, 4.041563947792726e-13
18, 3, 1.7793414112864737e-13
18, 4, 5.94162347003707e-16
18, 5, 1.5178376046963751e-13
18, 6, 2.03285857155733e-15
18, 7, 1.260106448190034e-11
18, 8, 99.75945998551482
18, 9, 710.7395936097723
18, 10, 1639.1387133747871
18, 11, 2523.0822555811
18, 12, 3107.744197399335
18, 13, 3308.9846229872255
18, 14, 3055.5907356738257
18, 15, 2484.355604065102
18, 16, 1787.8939038976494
18, 17, 1119.7644979382942
18, 18, 597.8154634143448
18, 19, 284.28463126627685
18, 20, 154.4527536267287
18, 21, 172.4325187843904
18, 22, 341.10686262640564
18, 23, 710.2869421316459
18, 24, 1279.3668331687386
18, 25, 1964.829008443249
18, 26, 2634.457844515178
18, 27, 3129.4673266929994
18, 28, 3301.3881776334433
18, 29, 3148.387011965468
18, 30, 2605.2455981638745
18, 31, 1723.531977922363
18, 32, 767.2532062061392
18, 33, 119.47553625981418
18, 34, 1.4592990383513294e-11
18, 35, 6.974247090765008e-14
18, 36, 9.93564070238032e-15
18, 37, 1.530277259344352e-16
18, 38, 1.8051601784413105e-13
18, 39, 1.6618179739387045e-13
19, 0, 3.1404770187148164e-13
19, 1, 2.900877168505446e-13
19, 2, 1.042547563757161e-13
19, 3, 1.8674855197763003e-12
19, 4, 1.961774550265189e-12
19, 5, 1.9780940937503064e-12
19, 6, 3.822297279506693e-14
19, 7, 5.396251845894975e-12
19, 8, 293.84361215179524
19, 9, 1327.5082063914324
19, 10, 2774.910501648154
19, 11, 4123.481911500252
19, 12, 5025.115838537121
19, 13, 5357.551767276461
19, 14, 5048.747737314778
19, 15, 4261.863743368892
19, 16, 3241.298784290703
19, 17, 2216.5992038692643
19, 18, 1365.600277657505
19, 19, 792.8827976780187
19, 20, 527.9458510190769
19, 21, 568.6302323643718
19, 22, 915.4733080751377
19, 23, 1572.6499060843018
19, 24, 2491.1507780628554
19, 25, 3541.331949600222
19, 26, 4528.107449601196
19, 27, 5223.036094545217
19, 28, 5434.604809817023
19, 29, 5139.320840220457
19, 30, 4271.003239194193
19, 31, 2914.653453327921
19, 32, 1424.3335488441112
19, 33, 333.04786768453965
19, 34, 3.367419962949774e-11
19, 35, 3.51733956214653e-14
19, 36, 2.94392862124733e-12
19, 37, 6.105752230840268e-13
19, 38, 1.3020916666447172e-13
19, 39, 8.259394547019269e-14
20, 0, 3.242814992671259e-13
20, 1, 1.1703709376424672e-12
20, 2, 2.360439534871895e-12
20, 3, 3.880455031377324e-12
20, 4, 1.4937725451398049e-13
20, 5, 1.5611560043287103e-13
20, 6, 1.316868314739051e-15
20, 7, 3.1923865334988586e-12
20, 8, 446.1575781614422
20, 9, 1784.326569930187
20, 10, 3610.687931281493
20, 11, 5311.703882139231
20, 12, 6464.624377842009
20, 13, 6910.283483582016
20, 14, 6572.483416532837
20, 15, 5633.38431242
20, 16, 4376.701691697372
20, 17, 3084.22014307753
20, 18, 1981.5799328662229
20, 19, 1213.4372451952913
20, 20, 848.6260213631825
20, 21, 908.9650396046172
20, 22, 1392.6236365385428
20, 23, 2273.915771305012
20, 24, 3464.70803687074
20, 25, 4793.659520875109
20, 26, 6016.97821824493
20, 27, 6856.674940326183
20, 28, 7086.230717252957
20, 29, 6664.530226912201
20, 30, 5531.285429867102
20, 31, 3807.2524949761905
20, 32, 1919.7682889235955
20, 33, 503.146389202155
20, 34, 5.071830980608323e-10
20, 35, 9.480866562244181e-14
20, 36, 3.254310760168846e-13
20, 37, 4.900346923692386e-13
20, 38, 2.4268386207802036e-15
20, 39, 2.0608634436635923e-12
21, 0, 4.551257165672423e-13
21, 1, 2.3935174995913124e-12
21, 2, 4.771007922781289e-12
21, 3, 2.7548556173191215e-13
21, 4, 4.749734517621717e-12
21, 5, 1.077396729313082e-12
21, 6, 5.444517015604215e-13
21, 7, 5.312275361033472e-11
21, 8, 489.2987487840483
21, 9, 1955.8607364283703
21, 10, 3969.152809515651
21, 11, 5860.605310432304
21, 12, 7157.948598413497
21, 13, 7672.691452038564
21, 14, 7321.996177704141
21, 15, 6297.8071387284335
21, 16, 4907.268346873179
21, 17, 3462.8932931594222
21, 18, 2219.4509237932025
21, 19, 1345.4432132841139
21, 20, 928.662207775903
21, 21, 1001.3248529387336
21, 22, 1561.3584488041683
21, 23, 2570.667131688138
21, 24, 3920.8274413973204
21, 25, 5414.801627135354
21, 26, 6778.452322497939
21, 27, 7703.212674281685
21, 28, 7939.958741233225
21, 29, 7437.5007712074075
21, 30, 6144.917124968668
21, 31, 4213.585742719643
21, 32, 2121.210919110516
21, 33, 558.9393973457748
21, 34, 9.125611049720613e-12
21, 35, 7.780907459908e-15
21, 36, 4.3209549627864195e-12
21, 37, 7.824320821318182e-13
21, 38, 6.273956148051196e-13
21, 39, 4.82223687341244e-12
22, 0, 2.2115210259902382e-12
22, 1, 3.8260093220996894e-13
22, 2, 8.839854598242872e-13
22, 3, 1.1282293135573409e-11
22, 4, 1.8602480128351602e-13
22, 5, 6.974852474814674e-15
22, 6, 1.539802510675101e-12
22, 7, 4.701329449362428e-13
22, 8, 420.6570553698766
22, 9, 1839.2563396293012
22, 10, 3845.1535492983476
22, 11, 5756.814584397946
22, 12, 7079.842587903097
22, 13, 7608.424458270826
22, 14, 7253.135950491758
22, 15, 6207.44503805154
22, 16, 4786.3704990638835
22, 17, 3312.9446629946024
22, 18, 2049.884686452221
22, 19, 1167.7867934569226
22, 20, 750.5829727798222
22, 21, 825.0477035536426
22, 22, 1392.2936190178866
22, 23, 2420.899943178714
22, 24, 3804.5951267569008
22, 25, 5341.323533096591
22, 26, 6746.589835907857
22, 27, 7699.427734103983
22, 28, 7940.897912730587
22, 29, 7416.736927538556
22, 30, 6085.29336152515
22, 31, 4118.26954318661
22, 32, 2018.6119966556755
22, 33, 493.9728867877179
22, 34, 7.531239867968149e-12
22, 35, 3.6803248558507e-14
22, 36, 4.892942451972307e-14
22, 37, 3.4538706325713777e-12
22, 38, 9.203285867859043e-14
22, 39, 1.2549053388231828e-13
23, 0, 1.1113177671537596e-12
23, 1, 2.7568688211311104e-13
23, 2, 1.0396796026252373e-11
23, 3, 8.26997757066537e-15
23, 4, 7.038622453720825e-12
23, 5, 4.171990989088146e-12
23, 6, 4.170580172489473e-12
23, 7, 1.1571779124843587e-11
23, 8, 273.6926409791149
23, 9, 1501.6911987008846
23, 10, 3332.800355783539
23, 11, 5112.434377360851
23, 12, 6351.714866130989
23, 13, 6841.421120539458
23, 14, 6487.774695482077
23, 15, 5479.3445269306785
23, 16, 4125.663419608998
23, 17, 2742.391756201705
23, 18, 1579.908525735873
23, 19, 789.0093127418712
23, 20, 425.48869056936337
23, 21, 488.96792127167896
23, 22, 990.0122669954811
23, 23, 1926.9767089401203
23, 24, 3218.8473914230585
23, 25, 4679.467870423809
23, 26, 6032.66112259776
23, 27, 6960.972858236523
23, 28, 7207.073937222767
23, 29, 6718.840656461052
23, 30, 5461.119659320407
23, 31, 3613.04173454362
23, 32, 1676.9759910051393
23, 33, 339.7375784808614
23, 34, 3.1868991087020862e-12
23, 35, 6.116565918761411e-12
23, 36, 5.908694224820658e-13
23, 37, 3.6648696398105563e-13
23, 38, 1.2152752544601017e-11
23, 39, 3.033311094532734e-13
24, 0, 1.6890670658991867e-11
24, 1, 1.732052313989381e-11
24, 2, 6.98138171608292e-13
24, 3, 3.2952932332943e-12
24, 4, 1.9022913862722858e-11
24, 5, 2.1969994187913097e-11
24, 6, 3.26383601288718e-17
24, 7, 3.293579204703758e-11
24, 8, 106.35854197456418
24, 9, 1048.5212172511224
24, 10, 2577.96561760907
24, 11, 4106.333092472479
24, 12, 5175.565679424094
24, 13, 5585.964236847309
24, 14, 5242.832508237361
24, 15, 4325.159156950973
24, 16, 3126.0503838798404
24, 17, 1938.8968588980272
24, 18, 985.5674485903137
24, 19, 379.3505574165762
24, 20, 125.38623830466388
24, 21, 163.01833778987807
24, 22, 524.0699710058378
24, 23, 1265.915366325907
24, 24, 2352.773653202057
24, 25, 3631.2510023620994
24, 26, 4848.836809550477
24, 27, 5704.856025794953
24, 28, 5952.853049923611
24, 29, 5546.066195431416
24, 30, 4451.930328185251
24, 31, 2844.272256305504
24, 32, 1200.539966671758
24, 33, 150.0267014960907
24, 34, 1.2791364303700623e-12
24, 35, 5.044974564418507e-15
24, 36, 2.7501632733827153e-14
24, 37, 5.820781518380262e-12
24, 38, 3.079737261266671e-13
24, 39, 1.1283872698591206e-11
25, 0, 3.059304055030293e-12
25, 1, 6.419402119638246e-12
25, 2, 2.576221443207895e-13
25, 3, 7.653208480592632e-11
25, 4, 3.303878287242311e-11
25, 5, 2.788662392269446e-11
25, 6, 4.5236500424483025e-13
25, 7, 5.999186259274407e-13
25, 8, 1.7922382774414313e-9
25, 9, 605.726884373233
25, 10, 1752.6649281150558
25, 11, 2952.665712494399
25, 12, 3797.0784365342142
25, 13, 4105.86611475373
25, 14, 3787.0364762715053
25, 15, 3006.145942816904
25, 16, 2030.6428532206091
25, 17, 1119.3583961133504
25, 18, 453.3602623506461
25, 19, 98.28424025157268
25, 20, 3.3742379044024216e-12
25, 21, 1.2226052306851901e-9
25, 22, 164.42797283353184
25, 23, 636.3170953076321
25, 24, 1433.9239636587884
25, 25, 2448.306647164555
25, 26, 3463.3739875924016
25, 27, 4206.2879529795
25, 28, 4448.457253947611
25, 29, 4149.987513094682
25, 30, 3277.6548023959554
25, 31, 1990.2542379112685
25, 32, 721.4283069231456
25, 33, 6.333663552712113
25, 34, 2.6277572384400184e-11
25, 35, 3.815379033874775e-14
25, 36, 1.3985270486335475e-14
25, 37, 3.698944317340346e-11
25, 38, 6.144685441664341e-12
25, 39, 6.87962964624133e-12
26, 0, 1.0702578863192348e-11
26, 1, 3.182767063346115e-11
26, 2, 9.307486443353606e-11
26, 3, 2.391653257293019e-11
26, 4, 3.885942920414847e-12
26, 5, 1.0565349450335813e-12
26, 6, 6.58740764688473e-12
26, 7, 6.988384714056044e-12
26, 8, 3.466815405209347e-12
26, 9, 276.7933935485658
26, 10, 1023.8163249134554
26, 11, 1871.2557235362326
26, 12, 2473.122082789832
26, 13, 2678.1195188994348
26, 14, 2400.0220500276373
26, 15, 1788.8016310821176
26, 16, 1078.3292612431494
26, 17, 479.49986690462174
26, 18, 118.53753475168807
26, 19, 7.150950783091134e-10
26, 20, 3.4901605281393504e-10
26, 21, 2.784888590636317e-12
26, 22, 1.6915100278292237
26, 23, 200.12339780197786
26, 24, 677.1154142089401
26, 25, 1383.1977538152003
26, 26, 2153.683357479644
26, 27, 2754.1960117216486
26, 28, 2978.5700325281878
26, 29, 2794.457101561297
26, 30, 2164.737385265669
26, 31, 1227.0518269465074
26, 32, 363.7314638939418
26, 33, 4.7653630576684764e-11
26, 34, 2.904248484208571e-11
26, 35, 3.296180311756719e-12
26, 36, 2.353351871366134e-11
26, 37, 3.664418527378227e-11
26, 38, 5.796756412939918e-11
26, 39, 5.350198960511411e-11
27, 0, 1.0289965268956312e-10
27, 1, 1.0030169770216093e-10
27, 2, 5.188381932739653e-12
27, 3, 4.407631085275283e-11
27, 4, 6.333637525060548e-13
27, 5, 4.0350151088230605e-13
27, 6, 3.4304855081415103e-12
27, 7, 1.6126926781402098e-11
27, 8, 1.018599776574784e-11
27, 9, 68.46476266001766
27, 10, 481.44015546818986
27, 11, 1009.2237813226265
27, 12, 1388.3584887494328
27, 13, 1505.5165114895335
27, 14, 1283.618373297224
27, 15, 856.6743145917557
27, 16, 418.105408017522
27, 17, 114.16196799109217
27, 18, 4.813269566540869e-11
27, 19, 1.983376307671801e-9
27, 20, 1.4777921825727159e-9
27, 21, 6.3604919766948935e-9
27, 22, 2.54734535439652e-12
27, 23, 10.309812703963905
27, 24, 200.8545112549437
27, 25, 601.562362109995
27, 26, 1117.3199366160793
27, 27, 1562.4611835057012
27, 28, 1755.8810786413076
27, 29, 1671.62577502446
27, 30, 1264.3856842680814
27, 31, 641.8716470122786
27, 32, 119.01422070743526
27, 33, 1.4405429915006073e-12
27, 34, 1.9584361646080347e-11
27, 35, 5.661087366894877e-12
27, 36, 7.968805437367254e-13
27, 37, 2.128756937231236e-11
27, 38, 1.538371709336035e-12
27, 39, 7.658783827619878e-11
28, 0, 7.931812923846405e-11
28, 1, 3.863648717656263e-11
28, 2, 1.6030442020021517e-11
28, 3, 1.186744423904303e-11
28, 4, 4.061609611660334e-14
28, 5, 2.4305744487747812e-17
28, 6, 1.899661922355539e-13
28, 7, 3.8814576830814635e-11
28, 8, 1.8246858261657255e-9
28, 9, 1.1702158798426235e-9
28, 10, 160.93303253860586
28, 11, 433.2628668541444
28, 12, 636.001052011779
28, 13, 692.0644338079069
28, 14, 533.7689821187579
28, 15, 281.12639421634407
28, 16, 83.73248173350505
28, 17, 3.3060409352455543e-10
28, 18, 1.0199458803411546e-10
28, 19, 2.10027684200931e-9
28, 20, 5.2126600126888605e-9
28, 21, 3.060353646360311e-9
28, 22, 3.486703245984123e-9
28, 23, 7.707174426056158e-12
28, 24, 8.733400382864728
28, 25, 157.6087228220018
28, 26, 445.88033280122846
28, 27, 746.3750867150383
28, 28, 901.1167249983301
28, 29, 888.4960146109506
28, 30, 654.382522211047
28, 31, 276.62645992493566
28, 32, 6.347257185108861e-13
28, 33, 6.322949851681993e-12
28, 34, 1.0330142342333348e-12
28, 35, 3.8817362146931295e-12
28, 36, 1.7070197381775385e-13
28, 37, 3.4464670303866036e-12
28, 38, 2.867333828791431e-11
28, 39, 1.9069943676611686e-11
29, 0, 6.780080410905372e-11
29, 1, 2.8413687159254596e-11
29, 2, 2.0113207212099347e-11
29, 3, 7.66767942536675e-12
29, 4, 1.8998601436572113e-15
29, 5, 1.475208954800416e-14
29, 6, 1.5637089724039943e-14
29, 7, 4.6374444878810406e-11
29, 8, 1.589270874821269e-10
29, 9, 1.9450463179318824e-10
29, 10, 20.36566130840763
29, 11, 135.75449709598098
29, 12, 231.77061878721557
29, 13, 257.8348846219955
29, 14, 153.17580581223407
29, 15, 29.39046532744559
29, 16, 1.7756149242149e-11
29, 17, 7.378348661366477e-11
29, 18, 4.321315371866252e-9
29, 19, 2.915042845812502e-9
29, 20, 6.178389689488185e-10
29, 21, 2.3346279214061877e-9
29, 22, 8.427181323508868e-9
29, 23, 1.0495762388557773e-8
29, 24, 1.024313505998313e-8
29, 25, 1.9642702414140055e-7
29, 26, 132.51105472613278
29, 27, 330.7466785109391
29, 28, 450.90539328763737
29, 29, 474.0966881714492
29, 30, 343.01738422108514
29, 31, 119.50630436174595
29, 32, 2.1391325264195647e-10
29, 33, 8.310640594044012e-12
29, 34, 3.6267883586333335e-13
29, 35, 2.4826536990281656e-12
29, 36, 2.338052098232887e-13
29, 37, 2.0930471614526325e-12
29, 38, 2.8259926201575347e-11
29, 39, 1.3516219104404783e-11
30, 0, 4.6976790244196135e-11
30, 1, 1.3846728720176297e-11
30, 2, 2.6759113696942406e-11
30, 3, 2.8413838236678934e-12
30, 4, 1.916665540727419e-14
30, 5, 3.872462861355749e-14
30, 6, 7.550162344223431e-15
30, 7, 5.451471718920068e-11
30, 8, 9.896064684057791e-11
30, 9, 4.956381572289699e-11
30, 10, 9.559600899182929e-11
30, 11, 76.49497450114532
30, 12, 151.08479623547709
30, 13, 177.09502507410372
30, 14, 91.2015831662417
30, 15, 1.0193881303015144e-6
30, 16, 3.5763847081401478e-9
30, 17, 1.1857177001101912e-9
30, 18, 4.539727529368161e-10
30, 19, 5.424249194813487e-9
30, 20, 7.350503998464763e-9
30, 21, 7.705939981956572e-9
30, 22, 4.6044671289390885e-9
30, 23, 1.170234326697985e-9
30, 24, 1.5397846106247238e-10
30, 25, 2.420632610804807e-9
30, 26, 113.26899503385218
30, 27, 289.74497160960016
30, 28, 392.3004040659535
30, 29, 409.07378788837144
30, 30, 288.9454940517379
30, 31, 92.34722459688055
30, 32, 1.8204935382579427e-12
30, 33, 6.902846499301599e-11
30, 34, 8.244046864508016e-12
30, 35, 9.67643402324243e-13
30, 36, 2.5856589121173054e-13
30, 37, 1.0589453885877657e-12
30, 38, 2.823659177532067e-11
30, 39, 5.513384635603459e-12
31, 0, 6.22220307067274e-11
31, 1, 3.4756821961892234e-11
31, 2, 7.76596778649387e-12
31, 3, 8.070348618350412e-12
31, 4, 4.3654394238127496e-14
31, 5, 1.8737893992177124e-15
31, 6, 6.675782788329537e-15
31, 7, 6.51430831742362e-11
31, 8, 7.148460359677654e-11
31, 9, 1.407657743176341e-10
31, 10, 59.47912376707725
31, 11, 232.2566848780082
31, 12, 384.79288205928157
31, 13, 444.16121409761587
31, 14, 331.4729764191014
31, 15, 152.0563888296095
31, 16, 32.45410042045429
31, 17, 1.631222730309989e-9
31, 18, 2.0606440505031216e-12
31, 19, 3.576974181276298e-9
31, 20, 3.2228476295117677e-9
31, 21, 3.853624576774436e-9
31, 22, 6.188330423435079e-9
31, 23, 2.11757292541876e-10
31, 24, 11.217006851462019
31, 25, 139.8502187008729
31, 26, 380.04564580790674
31, 27, 619.877383798022
31, 28, 718.6551564673974
31, 29, 679.0964769838411
31, 30, 470.78581336352016
31, 31, 174.90673206911674
31, 32, 1.5323922083598594e-10
31, 33, 8.663783883749433e-14
31, 34, 2.28072662037779e-12
31, 35, 2.462869081654482e-13
31, 36, 4.648599702445772e-14
31, 37, 4.182692622772738e-12
31, 38, 1.1708062979312398e-11
31, 39, 2.1597533219668907e-11
32, 0, 6.315018218895508e-11
32, 1, 5.702759086064214e-11
32, 2, 1.3046835958968036e-12
32, 3, 1.8564324769976333e-11
32, 4, 2.872266261765046e-13
32, 5, 1.2720882835608142e-13
32, 6, 4.8975012786938986e-14
32, 7, 4.6068573915511404e-11
32, 8, 2.0742486179110557e-12
32, 9, 1.354803309848242e-11
32, 10, 240.70392460770657
32, 11, 636.6178058771002
32, 12, 968.5508370716403
32, 13, 1104.7333526000805
32, 14, 936.9477869621162
32, 15, 590.8671238904136
32, 16, 254.39737380444836
32, 17, 50.92253052177846
32, 18, 2.3858071186119183e-11
32, 19, 2.1227106385086355e-10
32, 20, 2.9614916800262083e-9
32, 21, 8.988349413982254e-9
32, 22, 1.307887167113666e-10
32, 23, 16.052912669093796
32, 24, 194.53346417361513
32, 25, 560.1856385218101
32, 26, 1013.7783454528682
32, 27, 1367.4644316148763
32, 28, 1452.2230240260703
32, 29, 1290.7067732893838
32, 30, 892.4683797260776
32, 31, 381.6935384622738
32, 32, 21.933506885813078
32, 33, 1.3411771202356836e-10
32, 34, 3.171769090411378e-14
32, 35, 1.3723152914840943e-15
32, 36, 4.1290320479444103e-13
32, 37, 1.1521502970471322e-11
32, 38, 3.729057130385645e-14
32, 39, 4.6526589621482846e-11
33, 0, 3.483905975785257e-11
33, 1, 4.439970745850522e-11
33, 2, 1.4011791079498505e-11
33, 3, 2.0408201012172728e-11
33, 4, 1.4086895964845288e-13
33, 5, 1.4727836559277875e-13
33, 6, 7.188910204089881e-13
33, 7, 2.410579760726728e-11
33, 8, 5.314918352969605e-11
33, 9, 84.62278267644085
33, 10, 611.827206636082
33, 11, 1355.3020515486294
33, 12, 1983.2359085318726
33, 13, 2255.718923545611
33, 14, 1999.2960944993665
33, 15, 1400.1744392889352
33, 16, 749.8511952099506
33, 17, 266.48374469962573
33, 18, 34.14727274670052
33, 19, 4.742727044872124e-10
33, 20, 5.925017147646781e-8
33, 21, 3.6628712649260683e-10
33, 22, 6.88647139467731e-6
33, 23, 181.2287383780044
33, 24, 643.9457369328403
33, 25, 1347.3663042535295
33, 26, 2100.7093774488385
33, 27, 2610.540349892678
33, 28, 2641.939386877257
33, 29, 2264.8896198480634
33, 30, 1568.2744732649248
33, 31, 748.302452467165
33, 32, 136.59408792106632
33, 33, 3.947151737706222e-11
33, 34, 2.5840709233099074e-11
33, 35, 9.529225517663568e-14
33, 36, 1.7576889364318093e-12
33, 37, 1.3712943410304336e-11
33, 38, 7.256803281781475e-12
33, 39, 4.1160384531074076e-11
34, 0, 7.1604643030856874e-12
34, 1, 1.533175736047031e-11
34, 2, 2.517392296555208e-11
34, 3, 1.0863691503109469e-11
34, 4, 2.978863187970004e-13
34, 5, 6.558364305817033e-15
34, 6, 1.2476876312742275e-12
34, 7, 2.9925554185243084e-11
34, 8, 6.971607161503468e-12
34, 9, 288.8875130076258
34, 10, 1212.316315291392
34, 11, 2454.5429865791484
34, 12, 3555.2768437817003
34, 13, 4070.0030553718143
34, 14, 3637.0335028823074
34, 15, 2628.361281097001
34, 16, 1532.6271971474546
34, 17, 672.844546967523
34, 18, 173.55045289396963
34, 19, 4.237376339180806e-9
34, 20, 2.5440355718563673e-10
34, 21, 6.711123357406257e-9
34, 22, 104.64884600331744
34, 23, 538.299710098847
34, 24, 1378.799274079123
34, 25, 2541.6949490750144
34, 26, 3736.961007084149
34, 27, 4485.459090258232
34, 28, 4372.692605774711
34, 29, 3623.285655741005
34, 30, 2485.7962015095413
34, 31, 1256.2683349282381
34, 32, 322.60826753810835
34, 33, 7.0499075877286714e-12
34, 34, 3.0989679080794546e-11
34, 35, 8.337210857966507e-15
34, 36, 3.571501143650783e-12
34, 37, 9.66518096763106e-12
34, 38, 1.7120693906407588e-11
34, 39, 1.8505883800772746e-11
35, 0, 2.6041536958073802e-12
35, 1, 6.8333899964713075e-12
35, 2, 1.7072106682051363e-11
35, 3, 6.034319883927743e-12
35, 4, 4.685741055251759e-13
35, 5, 2.1417627692872357e-14
35, 6, 2.429833130119585e-12
35, 7, 6.412754520303971e-11
35, 8, 2.4114980811634138e-11
35, 9, 574.7085133135741
35, 10, 2005.2561280248328
35, 11, 3956.3785923520236
35, 12, 5868.521648664332
35, 13, 6899.388010685941
35, 14, 6014.901217358485
35, 15, 4260.856559979739
35, 16, 2520.513823277924
35, 17, 1200.5666200995884
35, 18, 399.21648941231666
35, 19, 51.26748535598743
35, 20, 1.4380639164550492e-9
35, 21, 11.379903073286464
35, 22, 286.0978649292187
35, 23, 1020.1214126796102
35, 24, 2315.845516262339
35, 25, 4113.009457670336
35, 26, 6047.943024167593
35, 27, 7283.127071529538
35, 28, 6782.356929945804
35, 29, 5361.434412997773
35, 30, 3575.9600679636383
35, 31, 1836.0040516183594
35, 32, 538.5928483698664
35, 33, 3.5019219836187737e-9
35, 34, 3.4059828469345873e-11
35, 35, 1.487759546282197e-13
35, 36, 2.709624251562852e-12
35, 37, 5.58656605108195e-12
35, 38, 1.2637098217278615e-11
35, 39, 8.451800814490222e-12
36, 0, 1.610870929023262e-13
36, 1, 1.0867867068007589e-12
36, 2, 9.712838775894498e-12
36, 3, 7.20030509470969e-13
36, 4, 1.944771859573286e-12
36, 5, 2.812283575464589e-13
36, 6, 2.4512012102610218e-12
36, 7, 7.88750621105003e-12
36, 8, 2.7985900661442295e-12
36, 9, 863.6752849297021
36, 10, 2835.3308070578
36, 11, 5744.044114977979
36, 12, 9168.804771150892
36, 13, 11644.085059751658
36, 14, 9352.596850284332
36, 15, 6126.888992874069
36, 16, 3477.217028726536
36, 17, 1672.608666653419
36, 18, 612.4702219560922
36, 19, 118.20476842546942
36, 20, 5.522695836805143e-8
36, 21, 54.90290772744413
36, 22, 473.3997344887684
36, 23, 1463.2354536631622
36, 24, 3222.647541141139
36, 25, 5874.639753122327
36, 26, 9191.9917593399
36, 27, 11781.110662532114
36, 28, 10063.555425230408
36, 29, 7380.812221586398
36, 30, 4655.173222108791
36, 31, 2343.83168498863
36, 32, 721.2031795258414
36, 33, 1.3821905831920177e-9
36, 34, 2.0364218799713678e-12
36, 35, 6.3980163640188e-13
36, 36, 2.0143105703973838e-12
36, 37, 1.4326049933268551e-12
36, 38, 8.750968820922237e-12
36, 39, 1.892413232837836e-12
37, 0, 1.4756183247390856e-13
37, 1, 1.268061467412702e-13
37, 2, 8.249121957385037e-13
37, 3, 2.955028789108779e-12
37, 4, 3.553290555650655e-12
37, 5, 1.189523334976319e-12
37, 6, 4.181337401627583e-15
37, 7, 3.3807978691482287e-13
37, 8, 3.7787061449617343
37, 9, 994.2947741888206
37, 10, 3283.209312955063
37, 11, 7219.2380078608485
37, 12, 13463.015040973882
37, 13, 21083.9962376448
37, 14, 13634.299252791088
37, 15, 7577.497065631305
37, 16, 3894.2357156231183
37, 17, 1796.0090587084899
37, 18, 668.2710051097814
37, 19, 145.21066092892264
37, 20, 5.8173122959436464e-9
37, 21, 82.4141273053827
37, 22, 537.194852004154
37, 23, 1595.2607144597134
37, 24, 3618.0280795989056
37, 25, 7200.517140412624
37, 26, 13102.83558625251
37, 27, 20464.375475576962
37, 28, 14184.967235285163
37, 29, 9293.680164215979
37, 30, 5301.77270410579
37, 31, 2507.551202773104
37, 32, 767.1867786621835
37, 33, 4.245840194338717e-8
37, 34, 5.7407107617960433e-11
37, 35, 7.284142250541066e-15
37, 36, 3.9047974942079624e-13
37, 37, 1.1167021682023373e-12
37, 38, 1.8618175871535665e-12
37, 39, 2.189626305777237e-14
38, 0, 1.1217727436219981e-14
38, 1, 4.346315079052968e-15
38, 2, 1.0799821603075284e-13
38, 3, 2.6832908916947327e-12
38, 4, 1.9527176807993748e-13
38, 5, 9.415007507486308e-14
38, 6, 1.053543740387426e-12
38, 7, 5.96194359363291e-11
38, 8, 1.4857262325460222e-7
38, 9, 729.0667111889746
38, 10, 2556.8717505667937
38, 11, 6519.349931052246
38, 12, 16368.368423218284
38, 13, 45472.84018876509
38, 14, 16472.06372821097
38, 15, 6735.610556823484
38, 16, 2936.758976870286
38, 17, 1247.609192118376
38, 18, 448.7739277999504
38, 19, 96.54214269960846
38, 20, 1.3405773880541022e-11
38, 21, 56.96493323423605
38, 22, 366.1806285190319
38, 23, 1115.2653956630836
38, 24, 2726.264055529037
38, 25, 6342.522706162765
38, 26, 15523.921919942395
38, 27, 42621.08826558728
38, 28, 16758.314662454202
38, 29, 10123.501882418665
38, 30, 4683.361931231847
38, 31, 1890.9373740132246
38, 32, 542.8153609493502
38, 33, 6.374870259739382e-8
38, 34, 3.61546914392734e-13
38, 35, 2.508186998516315e-13
38, 36, 2.2578468180112753e-12
38, 37, 4.191088366813517e-12
38, 38, 3.0463794791200214e-14
38, 39, 2.0657180985360516e-16
39, 0, 2.9236747468351557e-13
39, 1, 6.350455754494697e-13
39, 2, 8.534334208169867e-13
39, 3, 1.3734347658260088e-15
39, 4, 2.6512753987893756e-13
39, 5, 3.19206720153977e-12
39, 6, 2.8874334746211436e-13
39, 7, 1.0690392837221985e-12
39, 8, 3.46622886575703e-11
39, 9, 1.0145817148892234e-8
39, 10, 1.790075704564638e-8
39, 11, 1.4221132827556817e-8
39, 12, 4.6261773175002985e-9
39, 13, 127869.5429016831
39, 14, 6.622359160955157e-7
39, 15, 7.250577876422924e-7
39, 16, 3.2298200207120147e-9
39, 17, 1.564853246510255e-8
39, 18, 5.506259460303308e-10
39, 19, 4.174333600958062e-10
39, 20, 1.853873206441085e-9
39, 21, 9.929318806350839e-11
39, 22, 2.471208030456799e-9
39, 23, 3.3837842675427165e-10
39, 24, 3.2868386823709057e-9
39, 25, 7.244165873337182e-8
39, 26, 3.8920165952242765e-10
39, 27, 117616.91732140048
39, 28, 1.1941867514433945e-7
39, 29, 9627.880092399146
39, 30, 1353.7151936745518
39, 31, 3.917292727960278e-7
39, 32, 4.8788622579966965e-11
39, 33, 5.134243676084942e-10
39, 34, 5.116451540053909e-12
39, 35, 7.113013741126005e-13
39, 36, 4.970010241876471e-13
39, 37, 7.365522559579253e-15
39, 38, 4.0685221424663613e-13
39, 39, 8.007306452474124e-13
