0, 0, 6.129562422884401e-7
0, 1, 5.472710790954517e-7
0, 2, 1.3138110227145945e-6
0, 3, 1.9940885042789626e-6
0, 4, 1.9579095947821174e-6
0, 5, 3.2172237381740144e-7
0, 6, 9.067621326536786e-7
0, 7, 7.672125363056152e-6
0, 8, 2.1772480813281494e-6
0, 9, 1.2293595892592019e-5
0, 10, 0.0019385256774910684
0, 11, 0.0016692030658705043
0, 12, 0.0008016081622632933
0, 13, 0.001102347230312982
0, 14, 6.669736142133602e-5
0, 15, 0.0003194995435123692
0, 16, 0.0006635184663932025
0, 17, 3.925623388652954e-5
0, 18, 9.001043036438968e-6
0, 19, 1.4350193597954948e-5
0, 20, 5.1014441917542155e-5
0, 21, 1.2471872110454416e-5
0, 22, 6.3872223372964705e-6
0, 23, 9.246138093112278e-5
0, 24, 0.00036074103928263436
0, 25, 0.0001550295598254373
0, 26, 2.79940584928848e-8
0, 27, 0.009827962571870012
0, 28, 0.001040511005335333
0, 29, 1.6343994216398132e-5
0, 30, 4.966190289383829e-5
0, 31, 1.8231683144055075e-6
0, 32, 9.525878165048091e-6
0, 33, 0.00010208254970601213
0, 34, 3.3626286608331066e-7
0, 35, 6.61699243393284e-8
0, 36, 1.3014234917844873e-6
0, 37, 2.079197501982652e-7
0, 38, 3.806282951667705e-7
0, 39, 6.109127297857998e-7
1, 0, 3.218652906694985e-7
1, 1, 5.371927455332012e-7
1, 2, 5.863524396337659e-6
1, 3, 3.954256030824625e-6
1, 4, 2.32748625787329e-6
1, 5, 3.4408724030460387e-6
1, 6, 3.588216494259183e-6
1, 7, 1.378350607467764e-6
1, 8, 8.397707436258758e-8
1, 9, 4.510192150726466e-6
1, 10, 5.674262777336519e-6
1, 11, 2.8217155544761347e-7
1, 12, 6.796582296747842e-10
1, 13, 8.966026078817166e-6
1, 14, 5.0388858208664974e-5
1, 15, 2.5849539735536246e-5
1, 16, 9.045225464243436e-7
1, 17, 1.912917033917808e-6
1, 18, 1.0803230133684697e-6
1, 19, 6.9986705139267266e-6
1, 20, 7.3356515260012964e-6
1, 21, 0.00011974708825059095
1, 22, 1.133120894844772e-5
1, 23, 1.3684379432337993e-5
1, 24, 0.00021635233050077923
1, 25, 3.611469391981015e-5
1, 26, 3.115352202295921e-5
1, 27, 2.7946772633311666e-5
1, 28, 0.00010034505461171668
1, 29, 0.00019155279263759906
1, 30, 2.1881147998420545e-5
1, 31, 5.906840507693086e-5
1, 32, 0.000201352701348269
1, 33, 9.209165859856893e-6
1, 34, 2.1077683305765424e-6
1, 35, 1.7555242031741821e-6
1, 36, 1.6756515034379663e-6
1, 37, 1.2068396777915634e-6
1, 38, 5.24921154917976e-9
1, 39, 1.5993285053988243e-7
2, 0, 4.382353199670089e-7
2, 1, 7.565999319321274e-7
2, 2, 1.4890327064174993e-5
2, 3, 5.049209538387705e-7
2, 4, 4.960181145818304e-6
2, 5, 2.197347995441353e-7
2, 6, 2.4581032910052978e-6
2, 7, 6.315976156494641e-7
2, 8, 2.0929046302698787e-7
2, 9, 2.201876340452643e-6
2, 10, 1.7438661029025195e-8
2, 11, 4.731221889675789e-5
2, 12, 3.954394378442194e-7
2, 13, 1.6113177833114408e-5
2, 14, 7.572079209247955e-7
2, 15, 1.691986125464624e-6
2, 16, 3.802525383984884e-7
2, 17, 4.4949610765168434e-7
2, 18, 4.821248396403833e-6
2, 19, 2.249105900099427e-6
2, 20, 7.450924391243086e-8
2, 21, 4.442171918825199e-6
2, 22, 9.936334244068043e-7
2, 23, 2.2262904303340544e-7
2, 24, 3.02752356176758e-6
2, 25, 1.7663770725889657e-6
2, 26, 8.152935531639244e-6
2, 27, 0.00018221358982845005
2, 28, 3.397083700689187e-7
2, 29, 2.8516870183393937e-6
2, 30, 2.81848825542428e-5
2, 31, 5.309847535120658e-5
2, 32, 7.87632274889234e-7
2, 33, 9.64677506783474e-7
2, 34, 1.4632554754616139e-5
2, 35, 2.6312075880327177e-7
2, 36, 5.189234049761191e-6
2, 37, 3.8252063350363074e-7
2, 38, 2.0430883970362176e-6
2, 39, 1.169464483287408e-6
3, 0, 9.966182003728832e-7
3, 1, 1.0444827958475912e-6
3, 2, 0.00015134003012190115
3, 3, 2.1499138540278394e-6
3, 4, 3.907064460228414e-6
3, 5, 2.4408182842913983e-8
3, 6, 1.2662820950256663e-5
3, 7, 2.8678301582319276e-6
3, 8, 3.3947634426860813e-6
3, 9, 1.3912927098732156e-6
3, 10, 1.9197739157835713e-7
3, 11, 1.0308388692332534e-6
3, 12, 1.5743450365127601e-7
3, 13, 1.0642654871725314e-5
3, 14, 2.120307462481436e-6
3, 15, 4.543253566162959e-9
3, 16, 2.0157858453660047e-6
3, 17, 5.517088244942941e-7
3, 18, 1.7276891352218536e-7
3, 19, 4.360151304073482e-6
3, 20, 1.7160585418598327e-6
3, 21, 5.290667653717672e-7
3, 22, 9.705516728214357e-9
3, 23, 3.2433234325314367e-9
3, 24, 5.190498718169862e-10
3, 25, 6.633433201428888e-7
3, 26, 1.659070742207433e-6
3, 27, 1.0873308562797314e-6
3, 28, 3.03754502252081e-8
3, 29, 1.0069099284551943e-6
3, 30, 1.5315988646990264e-6
3, 31, 7.891890688768827e-9
3, 32, 1.0269164595589875e-5
3, 33, 3.1714224227971667e-7
3, 34, 1.0255028361439923e-6
3, 35, 3.832426723628701e-7
3, 36, 1.1868108585601391e-7
3, 37, 3.233797435308645e-6
3, 38, 5.104789327618473e-7
3, 39, 1.5022300807608525e-7
4, 0, 1.6683753112564213e-5
4, 1, 5.5921356435539214e-5
4, 2, 2.4524501236347752e-6
4, 3, 8.584616544081777e-6
4, 4, 3.0383001038759534e-6
4, 5, 2.0086223469505887e-5
4, 6, 3.9009064657593665e-7
4, 7, 2.2645231968204577e-6
4, 8, 3.846393162171213e-6
4, 9, 3.0737126488149033e-6
4, 10, 2.5759167883638402e-8
4, 11, 5.779587043913061e-7
4, 12, 2.8215607807011678e-6
4, 13, 2.1680310898681465e-8
4, 14, 4.792473702227774e-6
4, 15, 2.701350715888039e-6
4, 16, 5.169782437892622e-7
4, 17, 4.278659001086818e-7
4, 18, 1.439612525514106e-6
4, 19, 2.1327471357008975e-7
4, 20, 6.719131717588283e-7
4, 21, 2.1831472435762965e-6
4, 22, 2.6167669533804135e-7
4, 23, 2.989296286702877e-7
4, 24, 2.154956220510069e-6
4, 25, 5.616197785088018e-8
4, 26, 7.275126335308725e-7
4, 27, 4.000555342853395e-6
4, 28, 1.290681011428684e-6
4, 29, 7.726463686405881e-7
4, 30, 8.612080166192662e-7
4, 31, 2.1892229285588125e-6
4, 32, 8.662415911542031e-6
4, 33, 1.104270026418129e-6
4, 34, 2.7392067258677667e-6
4, 35, 1.0321637273690318e-6
4, 36, 1.830983165595721e-5
4, 37, 3.44400074663888e-5
4, 38, 1.522255684349921e-6
4, 39, 2.727084764211709e-6
5, 0, 0.0002811727777442815
5, 1, 21.204924873647716
5, 2, 27.88743069448736
5, 3, 0.018041333664204847
5, 4, 5.857532121931368e-6
5, 5, 1.376742791768904e-6
5, 6, 3.315017612903876e-5
5, 7, 3.2329411574495637e-6
5, 8, 9.320715593239026e-6
5, 9, 4.835453763650046e-6
5, 10, 1.723648517728912e-6
5, 11, 6.159216014241641e-7
5, 12, 8.917257320793541e-6
5, 13, 1.5848596272071782e-6
5, 14, 1.1153390988144027e-7
5, 15, 2.4643747191899127e-8
5, 16, 3.912142279092039e-6
5, 17, 6.737719205930623e-8
5, 18, 7.12972618394624e-7
5, 19, 4.862541301831793e-6
5, 20, 3.5431208500443913e-6
5, 21, 5.147729081988164e-7
5, 22, 4.472962457354846e-7
5, 23, 1.5115642835500602e-6
5, 24, 4.148254309093288e-7
5, 25, 1.2390823652415287e-6
5, 26, 3.2198995726580192e-6
5, 27, 3.4588558701764445e-7
5, 28, 4.105356971620077e-7
5, 29, 7.038589098382848e-7
5, 30, 8.53909009555641e-6
5, 31, 9.68962011642521e-6
5, 32, 1.9593990035075914e-6
5, 33, 3.0257495527000193e-7
5, 34, 7.524981644089561e-5
5, 35, 3.4126570753674484e-5
5, 36, 2.1160353187866233e-7
5, 37, 4.7209095522468e-7
5, 38, 5.6336074796765265
5, 39, 5.0088979693996595e-5
6, 0, 2.038857054363355e-7
6, 1, 267.75333329920784
6, 2, 336.1557188035188
6, 3, 202.37593732393833
6, 4, 41.8015866149455
6, 5, 2.0796292994178494e-6
6, 6, 1.4365506111954459e-5
6, 7, 3.773849082238494e-7
6, 8, 1.004479938030668e-6
6, 9, 2.49969008333753e-5
6, 10, 3.249772618788816e-6
6, 11, 2.1368820889976934e-11
6, 12, 8.804988623453642e-9
6, 13, 2.388636341052412e-7
6, 14, 8.370792213072179e-7
6, 15, 2.872965470395444e-6
6, 16, 2.0755854778716488e-7
6, 17, 3.1321870511896356e-7
6, 18, 7.57074824977581e-8
6, 19, 1.806680118401521e-6
6, 20, 5.205844591323107e-6
6, 21, 1.0963828536347168e-5
6, 22, 3.094267847916668e-7
6, 23, 2.7750306041817167e-7
6, 24, 5.837697361165736e-6
6, 25, 2.0346084433446915e-8
6, 26, 3.807837018722409e-7
6, 27, 5.008690350414328e-6
6, 28, 5.976397482870258e-7
6, 29, 4.889626125864296e-6
6, 30, 3.194217478777158e-8
6, 31, 1.4605837362466406e-7
6, 32, 1.7431722178836025e-6
6, 33, 3.3506962252497296e-6
6, 34, 1.7294749786879369e-6
6, 35, 1.4809018700620846e-6
6, 36, 83.33116625432316
6, 37, 203.59942029258792
6, 38, 218.36792583791183
6, 39, 1.1317713496659838e-5
7, 0, 0.0005544707614450918
7, 1, 876.3071339473665
7, 2, 1066.5302552052076
7, 3, 748.4239088669891
7, 4, 299.74635238322634
7, 5, 30.332353337766797
7, 6, 1.5674393749228482e-6
7, 7, 3.910834235422574e-6
7, 8, 3.099213267181708e-6
7, 9, 6.135570498247284e-6
7, 10, 8.12326381719474e-6
7, 11, 4.363046151847168e-6
7, 12, 6.947019679240407e-8
7, 13, 2.954631295248928e-6
7, 14, 1.542837373347018e-5
7, 15, 5.666603473442557e-7
7, 16, 9.034672027238225e-6
7, 17, 2.0186873330221126e-6
7, 18, 4.590725883592032e-6
7, 19, 8.441120419145203e-6
7, 20, 4.168723984130277e-8
7, 21, 3.1089990826399267e-6
7, 22, 3.401324434346276e-7
7, 23, 2.9238872605811523e-6
7, 24, 3.1604213687926406e-6
7, 25, 4.760003265078491e-6
7, 26, 1.3561106199333112e-6
7, 27, 3.907539817693533e-6
7, 28, 5.364260996206283e-6
7, 29, 2.664409601907379e-6
7, 30, 9.068230987128297e-8
7, 31, 2.413640247704056e-9
7, 32, 5.091791480362588e-6
7, 33, 7.417170959191341e-7
7, 34, 2.476476609342385e-6
7, 35, 118.8721879491113
7, 36, 431.78836612491193
7, 37, 793.5856966402707
7, 38, 840.7956501641365
7, 39, 0.07014404620980094
8, 0, 1.9613555256694284
8, 1, 2241.3846491704057
8, 2, 2428.4050172448137
8, 3, 1712.6909323344998
8, 4, 819.0246826296267
8, 5, 201.3178774785228
8, 6, 1.9104409294499872e-5
8, 7, 3.441123135204027e-8
8, 8, 5.279678735476633e-7
8, 9, 9.527068710543679e-6
8, 10, 2.570452894750406e-6
8, 11, 1.4597224616867494e-7
8, 12, 2.692872714711603e-6
8, 13, 2.3562260736355737e-9
8, 14, 2.3079692561687646e-7
8, 15, 3.9697949656886115e-6
8, 16, 1.1233912872502886e-5
8, 17, 1.763290827559524e-6
8, 18, 1.1867131279372313e-7
8, 19, 7.69726008963648e-6
8, 20, 8.066096075489005e-7
8, 21, 2.7598179190217206e-6
8, 22, 9.750990795057653e-6
8, 23, 1.7034108851830476e-5
8, 24, 1.0512758362730952e-5
8, 25, 3.710238257952521e-6
8, 26, 6.963347550563496e-8
8, 27, 8.851566355392164e-6
8, 28, 1.020672879328461e-6
8, 29, 1.0502666934955754e-7
8, 30, 3.194180576913298e-6
8, 31, 2.552061219340718e-5
8, 32, 8.33224757752662e-6
8, 33, 1.620113280842229e-5
8, 34, 43.83814340249309
8, 35, 380.8829477235227
8, 36, 1060.782211080453
8, 37, 1929.0287615122104
8, 38, 2455.7175201502428
8, 39, 770.8125242549003
9, 0, 4787.4642125810715
9, 1, 5673.714213089571
9, 2, 4750.173101308658
9, 3, 3108.603404584258
9, 4, 1542.0725570733105
9, 5, 473.146074037087
9, 6, 14.417824996043445
9, 7, 6.5280935857301095e-6
9, 8, 6.167074229644671e-6
9, 9, 2.5114011368483452e-8
9, 10, 4.740727328533128e-6
9, 11, 2.622958762814514e-6
9, 12, 1.9886943330937617e-6
9, 13, 2.63816670456371e-6
9, 14, 2.5765964400822096e-7
9, 15, 5.102548593788901e-6
9, 16, 1.0014167941067558e-6
9, 17, 9.333827440443068e-6
9, 18, 1.0859731978473091e-5
9, 19, 4.795879625934129e-6
9, 20, 1.8136615045172166e-8
9, 21, 2.225428035831426e-5
9, 22, 6.407951677910979e-7
9, 23, 2.0396889615944176e-7
9, 24, 7.630053312585872e-6
9, 25, 8.884688446222884e-7
9, 26, 5.3384883883892715e-8
9, 27, 1.3358105301349627e-5
9, 28, 1.8731504204113758e-6
9, 29, 4.036930156801538e-6
9, 30, 3.2071951534263706e-9
9, 31, 8.135139401465389e-5
9, 32, 1.394732236279135e-6
9, 33, 0.0002460872243152325
9, 34, 134.68013356985145
9, 35, 706.5010981385191
9, 36, 1830.0447305122746
9, 37, 3597.0940682331398
9, 38, 6344.7329138597925
9, 39, 11321.8108492681
10, 0, 8430.224976686388
10, 1, 10911.604471469114
10, 2, 7822.736906292076
10, 3, 4674.448592965166
10, 4, 2280.74535572113
10, 5, 765.6256504423969
10, 6, 78.45284982784592
10, 7, 1.34293590688098e-5
10, 8, 2.9898233927147928e-6
10, 9, 5.259823097910636e-7
10, 10, 1.5989229929964165e-7
10, 11, 2.4337238437172415e-5
10, 12, 7.434223577646506e-7
10, 13, 5.826121297442863e-6
10, 14, 6.056763069576761e-6
10, 15, 1.835614523219052e-6
10, 16, 1.6835141225024226e-5
10, 17, 5.381159731854431e-6
10, 18, 4.202462146142434e-8
10, 19, 5.761993156692494e-6
10, 20, 2.442881541960701e-5
10, 21, 1.4287459662039036e-7
10, 22, 3.689285864232335e-8
10, 23, 1.5509047232477048e-6
10, 24, 9.788399874087024e-8
10, 25, 1.1974509832764111e-6
10, 26, 8.236704177638343e-13
10, 27, 2.915002221977575e-6
10, 28, 1.0458876234904828e-5
10, 29, 6.996279181027396e-7
10, 30, 6.925625168388733e-7
10, 31, 1.957975256116386e-6
10, 32, 3.358903608124159e-5
10, 33, 2.8904641583201188e-5
10, 34, 206.17469778245925
10, 35, 921.4084396326991
10, 36, 2286.616283632827
10, 37, 4461.836627374713
10, 38, 8054.824992936524
10, 39, 16083.647375251765
11, 0, 50515.683405781216
11, 1, 21711.44297080357
11, 2, 10981.767288268074
11, 3, 5728.972771281507
11, 4, 2668.636399591374
11, 5, 909.2086229188875
11, 6, 119.41104770418643
11, 7, 2.0491468479459043e-6
11, 8, 1.609053184481708e-5
11, 9, 9.458993679951173e-6
11, 10, 1.1029738157867433e-7
11, 11, 5.877814140918341e-6
11, 12, 6.344741972576577e-9
11, 13, 4.57561078261284e-7
11, 14, 4.92660393068994e-6
11, 15, 6.976356826774142e-8
11, 16, 1.8268653810074706e-5
11, 17, 8.386261106927429e-7
11, 18, 6.940185972369901e-7
11, 19, 9.245581811112551e-6
11, 20, 2.3187972735104667e-5
11, 21, 5.891659011830383e-7
11, 22, 4.0541411502089114e-7
11, 23, 9.878575608189452e-8
11, 24, 8.357064498556718e-7
11, 25, 5.822175400342237e-7
11, 26, 3.3448473427891644e-7
11, 27, 8.196054543877201e-7
11, 28, 9.123948264288293e-6
11, 29, 1.7105132611856793e-6
11, 30, 1.048347213239519e-6
11, 31, 5.655006969564652e-6
11, 32, 3.4033317455172404e-5
11, 33, 3.398828470249767e-5
11, 34, 215.21311367555563
11, 35, 935.1356901872708
11, 36, 2261.009281085514
11, 37, 4080.921750087901
11, 38, 5376.935424619289
11, 39, 43.56277313868374
12, 0, 22174.64701225577
12, 1, 14435.16486344584
12, 2, 8700.546797182584
12, 3, 4839.688167118748
12, 4, 2282.595535468989
12, 5, 761.1480458212095
12, 6, 86.97735173837171
12, 7, 6.097822251848591e-9
12, 8, 4.328620584870121e-5
12, 9, 8.677503721035586e-6
12, 10, 1.1669007846241301e-7
12, 11, 1.42496522526597e-5
12, 12, 9.478612133435477e-7
12, 13, 3.268210554599578e-6
12, 14, 7.088592262766833e-6
12, 15, 3.882224128770379e-6
12, 16, 9.582255132377348e-6
12, 17, 1.5573079774195958e-5
12, 18, 1.3257229732504462e-5
12, 19, 7.244047559110523e-6
12, 20, 3.628250909639035e-6
12, 21, 2.348891484346035e-5
12, 22, 1.1116581378530375e-5
12, 23, 4.599258983961008e-7
12, 24, 7.359267584440646e-6
12, 25, 7.37233708767617e-7
12, 26, 1.6756091433092125e-7
12, 27, 5.015896800359291e-7
12, 28, 6.7889621899687944e-6
12, 29, 3.699904253114306e-6
12, 30, 1.7240136709864317e-6
12, 31, 5.799030611021401e-9
12, 32, 7.0821181016527454e-6
12, 33, 3.5315824637367702e-6
12, 34, 165.22552422936678
12, 35, 790.7077127597464
12, 36, 2074.3574881459026
12, 37, 4406.192683705954
12, 38, 9384.891334948548
12, 39, 24723.255110509406
13, 0, 1.803979263227644e-5
13, 1, 5185.178870283081
13, 2, 4631.200257691832
13, 3, 2932.9910567019792
13, 4, 1395.909867523106
13, 5, 417.19965935258443
13, 6, 17.14186344967112
13, 7, 1.102274833621034e-6
13, 8, 0.00014176996453906958
13, 9, 2.2810271510148254e-6
13, 10, 6.229610039518609e-7
13, 11, 1.055877610729025e-6
13, 12, 7.319520475297963e-7
13, 13, 3.035127744083813e-5
13, 14, 2.0811660232373314e-5
13, 15, 7.129643538167337e-7
13, 16, 2.153088944174331e-5
13, 17, 1.7843150146834933e-7
13, 18, 9.206365397022563e-7
13, 19, 5.569966115703443e-6
13, 20, 1.58735602876367e-6
13, 21, 5.9727452077482e-6
13, 22, 3.7602461022961337e-7
13, 23, 5.4711412131900135e-6
13, 24, 1.4262312251862516e-5
13, 25, 4.067207983147317e-8
13, 26, 1.2085955459924607e-6
13, 27, 2.6137211540173717e-6
13, 28, 6.392623726872238e-7
13, 29, 8.897042174078301e-6
13, 30, 9.058470777404608e-7
13, 31, 2.2930244718935118e-5
13, 32, 6.7643525481294345e-6
13, 33, 1.167953282783903e-6
13, 34, 61.766698409410495
13, 35, 423.95947901170626
13, 36, 1189.3750064860626
13, 37, 2298.3946392345224
13, 38, 3113.4596235525014
13, 39, 0.034977604914672306
14, 0, 0.0011727854766252976
14, 1, 1806.8933647360375
14, 2, 1931.1811982936867
14, 3, 1268.8710179178643
14, 4, 537.4130560703823
14, 5, 107.25270748407718
14, 6, 6.599515052998491e-5
14, 7, 7.452657264135906e-6
14, 8, 7.467847065973259e-6
14, 9, 2.4863603495507244e-6
14, 10, 1.0615229417493483e-6
14, 11, 1.5567510960671705e-8
14, 12, 5.595133003653575e-7
14, 13, 1.2166371515437644e-5
14, 14, 5.1142442011957415e-6
14, 15, 7.554312053372416e-7
14, 16, 3.54485643837332e-8
14, 17, 8.752296712270006e-8
14, 18, 2.6232727908099813e-6
14, 19, 2.0241853618584866e-7
14, 20, 1.1173551461037076e-5
14, 21, 1.0493288600775491e-5
14, 22, 4.937727495028387e-6
14, 23, 1.1924136948389072e-5
14, 24, 1.4735255905823754e-6
14, 25, 1.6393193145776679e-6
14, 26, 1.0452665612487583e-5
14, 27, 6.675444181066732e-6
14, 28, 3.5614638546749147e-6
14, 29, 3.123253605286065e-8
14, 30, 9.09558440908551e-6
14, 31, 1.3190959576886192e-5
14, 32, 2.9349100744361787e-6
14, 33, 1.7861433043956658e-5
14, 34, 0.00011291167508817125
14, 35, 98.0605506593792
14, 36, 387.11183736640453
14, 37, 805.1968205669784
14, 38, 936.1850626230246
14, 39, 3.719690206940782e-5
15, 0, 0.0001328817661048091
15, 1, 446.77048790376233
15, 2, 497.939202299368
15, 3, 283.29436623103163
15, 4, 55.935145072522175
15, 5, 1.5120182061154309e-7
15, 6, 2.4930003583062368e-5
15, 7, 1.1890388853619316e-5
15, 8, 2.010905554714171e-7
15, 9, 2.3294078525364423e-6
15, 10, 8.322307959971461
15, 11, 131.24106371696894
15, 12, 315.39197258414987
15, 13, 510.28057298435874
15, 14, 505.71498921717114
15, 15, 338.50732268844314
15, 16, 121.09575926455538
15, 17, 4.549548711276988e-6
15, 18, 2.6956566072961766e-6
15, 19, 5.6135452424566e-7
15, 20, 3.462419401251793e-7
15, 21, 9.577096365637262e-8
15, 22, 5.928968692914497e-7
15, 23, 1.2034284706030642e-7
15, 24, 4.3753146889143114e-7
15, 25, 67.70296475934298
15, 26, 153.82323806143935
15, 27, 164.9594263764732
15, 28, 59.29102432827766
15, 29, 9.817560349716215
15, 30, 0.0002582337584916406
15, 31, 9.46335112124122e-10
15, 32, 5.4740355878784396e-5
15, 33, 1.6361971087369686e-6
15, 34, 6.887739817689115e-6
15, 35, 3.4892823252131786e-5
15, 36, 0.03943496297236359
15, 37, 102.10322516059665
15, 38, 154.4485762601121
15, 39, 6.116274234612518e-8
16, 0, 8.104074897861764e-6
16, 1, 3.6002667295045025e-5
16, 2, 2.0113288128908093e-8
16, 3, 1.1883436446624079e-5
16, 4, 1.9716737521929057e-7
16, 5, 8.642683664736956e-8
16, 6, 4.586118330729376e-6
16, 7, 8.173993700686187e-7
16, 8, 2.5519694606954785e-6
16, 9, 259.9008141162565
16, 10, 742.3416643229772
16, 11, 1330.7519892609455
16, 12, 1900.447206134761
16, 13, 2338.3151979770323
16, 14, 2320.758754956476
16, 15, 1901.294278500281
16, 16, 1279.250770032522
16, 17, 697.7755901743344
16, 18, 304.90214828977076
16, 19, 88.70027653262541
16, 20, 26.327343383666907
16, 21, 98.90307975599912
16, 22, 271.60202198473587
16, 23, 492.5782759714389
16, 24, 743.880417908348
16, 25, 1039.0373834783202
16, 26, 1279.4448593174093
16, 27, 1323.038440622215
16, 28, 1116.2442705576718
16, 29, 912.6082978447314
16, 30, 692.4139283319059
16, 31, 417.52014188271926
16, 32, 142.2827260432717
16, 33, 4.85873526335508e-6
16, 34, 4.315701478112649e-5
16, 35, 5.825060470313151e-7
16, 36, 5.874241596458144e-6
16, 37, 5.596724833899292e-8
16, 38, 8.437423230780662e-6
16, 39, 1.1295630241811658e-8
17, 0, 1.2975056408894368e-5
17, 1, 9.039914238676993e-8
17, 2, 9.830438642446624e-8
17, 3, 6.6208146618348195e-6
17, 4, 1.0449103733090117e-5
17, 5, 3.3220144831953968e-6
17, 6, 1.9066775879744117e-7
17, 7, 8.429350476564769e-8
17, 8, 218.1852029314037
17, 9, 1066.5812645733624
17, 10, 2301.393286152043
17, 11, 3582.6713623959185
17, 12, 4667.649731211195
17, 13, 5378.0175101957875
17, 14, 5344.473520027774
17, 15, 4645.357809088612
17, 16, 3559.399981672875
17, 17, 2434.492897466046
17, 18, 1551.0756741024861
17, 19, 1014.5124193144331
17, 20, 826.2344712616833
17, 21, 952.0104098703293
17, 22, 1314.5740952397452
17, 23, 1806.3091610737467
17, 24, 2359.9546623233537
17, 25, 2921.708972178024
17, 26, 3337.6666496640946
17, 27, 3424.6664515312614
17, 28, 3114.152012715564
17, 29, 2679.9439391943456
17, 30, 2104.363699274239
17, 31, 1367.5440421546848
17, 32, 606.6625240470499
17, 33, 95.54876754192182
17, 34, 8.158882376449929e-6
17, 35, 8.424165335053576e-8
17, 36, 9.377697682155307e-7
17, 37, 1.158202989665471e-7
17, 38, 1.324792698063413e-6
17, 39, 1.2867245093394147e-5
18, 0, 2.221997107195977e-6
18, 1, 1.978903449047412e-7
18, 2, 4.7462355914019697e-7
18, 3, 1.0390702235941788e-6
18, 4, 1.2655751331888e-6
18, 5, 2.953234371249634e-6
18, 6, 1.768098734642708e-6
18, 7, 6.196098534872881e-6
18, 8, 627.7237731320388
18, 9, 2205.052418510338
18, 10, 4285.214078740056
18, 11, 6324.669270166654
18, 12, 7953.446175127257
18, 13, 8933.936990103195
18, 14, 8883.184972277733
18, 15, 7915.125992609241
18, 16, 6385.597958477416
18, 17, 4743.304428332347
18, 18, 3382.8076368180227
18, 19, 2507.0107262063175
18, 20, 2157.3148231107357
18, 21, 2294.3965182337756
18, 22, 2806.247413491274
18, 23, 3535.820150946664
18, 24, 4361.0848498100195
18, 25, 5166.727094613148
18, 26, 5746.214611995941
18, 27, 5876.0003133956725
18, 28, 5464.345809720633
18, 29, 4779.196046065724
18, 30, 3805.674766845077
18, 31, 2554.7146877721348
18, 32, 1250.1413743695975
18, 33, 300.92557400396345
18, 34, 2.654649321431555e-6
18, 35, 1.951955219452725e-7
18, 36, 1.1029142717255164e-6
18, 37, 1.251099440385111e-6
18, 38, 5.293309754451121e-8
18, 39, 1.4129288813701931e-6
19, 0, 6.539874821787309e-7
19, 1, 2.5394596694301605e-8
19, 2, 9.303524363832245e-7
19, 3, 8.411610242755541e-7
19, 4, 2.306121069751842e-6
19, 5, 3.5076617194150335e-6
19, 6, 0.00013391922923041859
19, 7, 1.3531059214579445e-5
19, 8, 1054.6738340153477
19, 9, 3315.100377442844
19, 10, 6155.433300585691
19, 11, 8865.364954784422
19, 12, 10965.15617811452
19, 13, 12167.928323860087
19, 14, 12089.206334723092
19, 15, 10881.19302824491
19, 16, 8968.365752568703
19, 17, 6884.7003189377965
19, 18, 5113.541390761387
19, 19, 3931.7745206192444
19, 20, 3418.2606092320857
19, 21, 3534.2869899891894
19, 22, 4143.2020814181515
19, 23, 5049.971003164603
19, 24, 6087.4594064701205
19, 25, 7090.537399183517
19, 26, 7808.582966435202
19, 27, 7981.270591825579
19, 28, 7491.149667663694
19, 29, 6592.24001442395
19, 30, 5272.826925084587
19, 31, 3577.643435034566
19, 32, 1808.561982560734
19, 33, 486.6054276244125
19, 34, 8.803555844559454e-6
19, 35, 4.583166438750787e-6
19, 36, 1.5221275646252454e-7
19, 37, 1.9045350712918523e-8
19, 38, 1.9191141946810386e-6
19, 39, 1.822653464969772e-6
20, 0, 2.9675498583723e-7
20, 1, 2.8795906065661615e-7
20, 2, 3.0684462627179234e-7
20, 3, 2.858424924389583e-6
20, 4, 3.9490647866560216e-7
20, 5, 1.8804796019690177e-8
20, 6, 1.6264320282143076e-9
20, 7, 0.0008605041312201046
20, 8, 1353.9146031413682
20, 9, 4100.489079306541
20, 10, 7482.883036415975
20, 11, 10667.672204770357
20, 12, 13091.834053005594
20, 13, 14431.092648486296
20, 14, 14303.007735244402
20, 15, 12892.95447273175
20, 16, 10679.509537773605
20, 17, 8259.819402327474
20, 18, 6178.584740546512
20, 19, 4762.0261973122615
20, 20, 4115.100168985753
20, 21, 4200.074891575253
20, 22, 4864.44125893141
20, 23, 5889.425765645254
20, 24, 7077.6927365374795
20, 25, 8229.781784756311
20, 26, 9063.568237728501
20, 27, 9289.289071530864
20, 28, 8765.6499197976
20, 29, 7733.247572516035
20, 30, 6184.188514986425
20, 31, 4193.383340367147
20, 32, 2124.374983203252
20, 33, 578.4281991602035
20, 34, 4.697755592746675e-8
20, 35, 4.449484828869524e-7
20, 36, 9.770616192821554e-8
20, 37, 3.836077309945412e-7
20, 38, 1.4798708202904383e-6
20, 39, 8.409670835237721e-8
21, 0, 1.1693009672126838e-6
21, 1, 2.84979158556755e-8
21, 2, 2.9813995611320277e-7
21, 3, 5.809260758570756e-7
21, 4, 1.7735415819557805e-6
21, 5, 2.343397469767401e-7
21, 6, 3.715557812031261e-7
21, 7, 0.0007521007141134492
21, 8, 1475.550959389642
21, 9, 4446.367565263745
21, 10, 8090.530209918999
21, 11, 11502.958681365124
21, 12, 14068.462382982154
21, 13, 15439.605747081734
21, 14, 15236.871035493974
21, 15, 13669.608048168684
21, 16, 11252.833597927984
21, 17, 8622.232483813257
21, 18, 6355.809304648201
21, 19, 4802.742269931792
21, 20, 4078.019625319626
21, 21, 4141.65762820221
21, 22, 4833.193306747524
21, 23, 5924.785899250331
21, 24, 7206.90625274203
21, 25, 8463.547859952092
21, 26, 9394.376398448105
21, 27, 9689.676399282116
21, 28, 9188.952122678045
21, 29, 8122.017375280284
21, 30, 6483.769672134236
21, 31, 4370.189216479063
21, 32, 2184.4219866193343
21, 33, 573.62313132409
21, 34, 3.1782628565987287e-6
21, 35, 1.0041044928586507e-6
21, 36, 3.005626951299054e-8
21, 37, 1.3254381108110624e-6
21, 38, 3.3408903348455256e-6
21, 39, 1.8368391012980855e-7
22, 0, 1.22427579574807e-6
22, 1, 1.3944771501151126e-8
22, 2, 1.8908356149868562e-7
22, 3, 5.818857033833319e-7
22, 4, 9.679307865977513e-7
22, 5, 1.5390579617287967e-7
22, 6, 1.6363290505947624e-6
22, 7, 9.81617058888372e-9
22, 8, 1431.4558540916476
22, 9, 4369.944792365158
22, 10, 7997.509572474818
22, 11, 11390.366926812476
22, 12, 13914.947999861006
22, 13, 15216.999266878482
22, 14, 14921.462406047525
22, 15, 13252.064847724776
22, 16, 10741.560315308248
22, 17, 8038.952688896097
22, 18, 5727.810528928496
22, 19, 4153.546954821832
22, 20, 3421.492216125557
22, 21, 3483.9462480457796
22, 22, 4180.14873638545
22, 23, 5289.182890175714
22, 24, 6608.166897684875
22, 25, 7923.1126183632905
22, 26, 8929.358472549295
22, 27, 9307.146258857327
22, 28, 8882.562067549894
22, 29, 7876.674280711016
22, 30, 6282.58091846685
22, 31, 4204.636479340627
22, 32, 2061.4918506203026
22, 33, 510.529818925994
22, 34, 3.567556510058582e-6
22, 35, 1.9619716410941528e-6
22, 36, 7.180635978248022e-8
22, 37, 3.7216145043491477e-7
22, 38, 3.0941056125354093e-6
22, 39, 2.85332757268032e-7
23, 0, 1.6716270125584248e-9
23, 1, 7.01090818739886e-8
23, 2, 3.181867963841044e-6
23, 3, 2.75362735945726e-7
23, 4, 1.7503743442251307e-6
23, 5, 1.05263540803901e-6
23, 6, 5.122518149839614e-6
23, 7, 2.3958799585612165e-5
23, 8, 1246.882338290323
23, 9, 3933.9966029476423
23, 10, 7305.535461527454
23, 11, 10466.369867980246
23, 12, 12795.722717845008
23, 13, 13948.798577727042
23, 14, 13558.012084316673
23, 15, 11853.030230872431
23, 16, 9367.127182625085
23, 17, 6739.3463990693535
23, 18, 4531.89262783728
23, 19, 3058.333603523047
23, 20, 2392.1969944392063
23, 21, 2469.732208534104
23, 22, 3140.100947022766
23, 23, 4207.780078603003
23, 24, 5497.017827753381
23, 25, 6813.887082718889
23, 26, 7862.557242848505
23, 27, 8322.362508768301
23, 28, 8011.253435113642
23, 29, 7142.052618631078
23, 30, 5700.616676748209
23, 31, 3786.0995736085606
23, 32, 1809.7055466348152
23, 33, 410.42028759605085
23, 34, 2.101136677829844e-8
23, 35, 2.9995759911241717e-7
23, 36, 1.4673029105401644e-6
23, 37, 1.9750980704720654e-6
23, 38, 3.158006087856861e-7
23, 39, 1.4576403449926363e-6
24, 0, 1.385051369779801e-7
24, 1, 3.2579973693102945e-6
24, 2, 8.036657773241192e-10
24, 3, 3.701530839665282e-6
24, 4, 8.470310955653085e-8
24, 5, 2.0343273622533582e-6
24, 6, 2.219480234913491e-6
24, 7, 2.2376623514314002e-5
24, 8, 951.1986367643142
24, 9, 3220.884456511406
24, 10, 6157.746581383165
24, 11, 8929.787442074929
24, 12, 10954.427337581737
24, 13, 11910.230931815515
24, 14, 11440.934490958356
24, 15, 9776.14568484931
24, 16, 7435.762971566458
24, 17, 5029.154584027258
24, 18, 3072.0753014959937
24, 19, 1818.0572085635108
24, 20, 1283.6277087369283
24, 21, 1376.235377590854
24, 22, 1971.1880248349598
24, 23, 2921.560929271314
24, 24, 4099.578565474093
24, 25, 5346.967145891321
24, 26, 6388.647939693275
24, 27, 6910.860062180892
24, 28, 6727.288287111392
24, 29, 6041.840644690646
24, 30, 4828.263597027862
24, 31, 3169.431016369466
24, 32, 1451.6276442128628
24, 33, 274.8182542277882
24, 34, 4.164537474370768e-9
24, 35, 2.7428728315928102e-6
24, 36, 1.056338037878343e-6
24, 37, 9.168261159915125e-8
24, 38, 7.874482052538872e-7
24, 39, 2.912096588506691e-7
25, 0, 5.096060387467351e-7
25, 1, 1.5368277843546934e-6
25, 2, 1.5157022519980623e-6
25, 3, 4.0938685689000125e-7
25, 4, 1.7134116314895545e-6
25, 5, 8.410204350663506e-7
25, 6, 6.244653810531175e-6
25, 7, 2.7819444503415373e-8
25, 8, 591.5646687835932
25, 9, 2347.6189908914353
25, 10, 4744.904145835988
25, 11, 7038.035786709029
25, 12, 8701.170284216025
25, 13, 9446.760991727742
25, 14, 8933.95802968983
25, 15, 7388.012861311783
25, 16, 5305.875424404778
25, 17, 3253.797517445991
25, 18, 1681.0181421058026
25, 19, 754.0775023209892
25, 20, 403.43480599838165
25, 21, 488.30260602190776
25, 22, 937.8750030753812
25, 23, 1682.7037626898286
25, 24, 2658.932569236617
25, 25, 3756.673186138344
25, 26, 4730.29982296999
25, 27, 5278.115939146497
25, 28, 5212.128247674613
25, 29, 4725.99834733676
25, 30, 3778.56056021658
25, 31, 2430.1780700624563
25, 32, 1030.072398777028
25, 33, 121.85939309789838
25, 34, 7.306829387243253e-7
25, 35, 3.9657415140939096e-7
25, 36, 1.4666183121453608e-6
25, 37, 5.85388331998054e-7
25, 38, 1.3929306001796636e-6
25, 39, 1.2265033833592252e-8
26, 0, 4.788196654566387e-7
26, 1, 1.9424233065433574e-7
26, 2, 3.781090459893995e-6
26, 3, 3.5560427634548053e-7
26, 4, 2.090237322812067e-8
26, 5, 2.821596293230097e-6
26, 6, 8.748358848888485e-7
26, 7, 1.1105197406069845e-6
26, 8, 254.7193613851269
26, 9, 1486.7199729276088
26, 10, 3318.2414083363706
26, 11, 5111.201262636913
26, 12, 6408.5576296449135
26, 13, 6962.7913462649
26, 14, 6450.493714219122
26, 15, 5090.376125350351
26, 16, 3352.402983312362
26, 17, 1753.8643563541573
26, 18, 664.56690950601
26, 19, 139.79871431268845
26, 20, 3.1559556660885736e-5
26, 21, 36.76350204102058
26, 22, 270.9949498954729
26, 23, 735.0171841772735
26, 24, 1431.627280073687
26, 25, 2307.737664339261
26, 26, 3153.103652975724
26, 27, 3680.686059676485
26, 28, 3702.1292692884977
26, 29, 3400.8701994999738
26, 30, 2720.657605222336
26, 31, 1697.7944637151945
26, 32, 639.2594140725092
26, 33, 12.426599194299069
26, 34, 1.5386138107007606e-6
26, 35, 1.2934729193717853e-6
26, 36, 3.919308718291936e-7
26, 37, 1.119262997163779e-6
26, 38, 1.249841584491428e-6
26, 39, 5.973462823656442e-8
27, 0, 2.512756892114918e-7
27, 1, 5.432042393014403e-7
27, 2, 1.0140399600904492e-6
27, 3, 1.1220028730422793e-9
27, 4, 2.2778423907543204e-6
27, 5, 8.721223710091295e-8
27, 6, 4.051451133825661e-6
27, 7, 9.523105198408766e-6
27, 8, 33.43416160681562
27, 9, 797.9244731352472
27, 10, 2103.2797700958245
27, 11, 3434.8821129568773
27, 12, 4406.389005874827
27, 13, 4809.256860983914
27, 14, 4336.268097221774
27, 15, 3197.9868811062474
27, 16, 1837.9574049895539
27, 17, 725.0054507897813
27, 18, 141.89785333429123
27, 19, 2.578519671530818e-7
27, 20, 4.960855086631373e-6
27, 21, 1.3812868514138108e-7
27, 22, 14.81168471667248
27, 23, 187.96526900366385
27, 24, 573.5276062626114
27, 25, 1190.2731161229208
27, 26, 1868.47488082017
27, 27, 2336.6341840394625
27, 28, 2406.598102248838
27, 29, 2251.8920945619275
27, 30, 1803.7875977471597
27, 31, 1078.9425605173165
27, 32, 348.06340502426656
27, 33, 5.032219100069034e-7
27, 34, 4.920988174538482e-7
27, 35, 1.8722321861919826e-8
27, 36, 5.378895877690302e-7
27, 37, 3.8355840446547357e-7
27, 38, 2.5893101245586073e-10
27, 39, 1.3226812449456502e-6
28, 0, 1.568856619232398e-8
28, 1, 1.4650687606148628e-6
28, 2, 3.429401575522704e-8
28, 3, 1.1059411948742364e-7
28, 4, 1.9115278876752277e-7
28, 5, 2.656703977196677e-6
28, 6, 8.272435735911935e-9
28, 7, 3.085499699282866e-8
28, 8, 8.085203167435812e-7
28, 9, 379.7070389309352
28, 10, 1253.0681088138897
28, 11, 2216.1637854608452
28, 12, 2938.6065264399276
28, 13, 3241.70759655257
28, 14, 2829.5763547113193
28, 15, 1902.1121719903072
28, 16, 877.9260182746837
28, 17, 181.1844962688337
28, 18, 5.585164562105011e-7
28, 19, 3.905642188623267e-6
28, 20, 2.8301514650637973e-6
28, 21, 1.1192441597654419e-6
28, 22, 1.764858256359156e-5
28, 23, 1.047943372991052e-5
28, 24, 121.79858596009433
28, 25, 501.80350819369613
28, 26, 1016.8284298275446
28, 27, 1409.1716614392212
28, 28, 1491.7862538706013
28, 29, 1430.9212014053994
28, 30, 1148.265166225834
28, 31, 643.3578120698995
28, 32, 153.82657096597993
28, 33, 1.0632531080929999e-8
28, 34, 1.6935603076750405e-6
28, 35, 3.700445774762714e-7
28, 36, 4.7572121997657075e-6
28, 37, 1.1760939114451493e-7
28, 38, 5.135381941273593e-7
28, 39, 1.1175904089498867e-6
29, 0, 1.40635515158087e-6
29, 1, 7.7940266219731e-9
29, 2, 2.4097776779996733e-7
29, 3, 1.4779302583677842e-6
29, 4, 1.5135455059053843e-7
29, 5, 1.1007173256431515e-8
29, 6, 2.757908232820391e-6
29, 7, 1.165036206310196e-7
29, 8, 8.702970525913185e-6
29, 9, 188.4152066480118
29, 10, 812.5889317037319
29, 11, 1556.199584931994
29, 12, 2136.2412421478643
29, 13, 2396.604845742576
29, 14, 2045.2103471857295
29, 15, 1267.6226627557194
29, 16, 457.37121136185874
29, 17, 9.372740818555112e-6
29, 18, 3.538341621010233e-6
29, 19, 3.7319808516049446e-5
29, 20, 7.321147671623446e-6
29, 21, 5.554947457183946e-5
29, 22, 8.645928036688283e-6
29, 23, 7.016997339816697e-9
29, 24, 1.3241632572400182e-6
29, 25, 242.91348948978518
29, 26, 653.324893580321
29, 27, 985.0209120277794
29, 28, 1055.7191071448212
29, 29, 1031.1755655450972
29, 30, 829.3665252189768
29, 31, 438.21737597843753
29, 32, 69.60778198859047
29, 33, 5.340876736550667e-7
29, 34, 3.401251962971843e-8
29, 35, 1.581282960156475e-6
29, 36, 9.92637668855395e-9
29, 37, 1.5148992304808625e-7
29, 38, 6.987191550947358e-7
29, 39, 3.3122444523764515e-7
30, 0, 1.8043555797681303e-7
30, 1, 5.084866069054974e-7
30, 2, 2.2751630107771126e-6
30, 3, 1.2718879727521087e-7
30, 4, 2.847631525440453e-6
30, 5, 1.3067529317320094e-8
30, 6, 1.2103082080202208e-6
30, 7, 7.728656664535485e-7
30, 8, 1.11416890331082e-6
30, 9, 154.55303670576018
30, 10, 716.6990006469314
30, 11, 1406.7730613480528
30, 12, 1963.9189528316747
30, 13, 2237.8453032609805
30, 14, 1929.910892180079
30, 15, 1208.6426058136828
30, 16, 446.76745584286823
30, 17, 7.78822985700715
30, 18, 2.13235415389163e-6
30, 19, 8.859214489574887e-6
30, 20, 4.720054711911287e-5
30, 21, 4.154049238438601e-6
30, 22, 1.5472748635213222e-5
30, 23, 7.528964893505584e-5
30, 24, 39.43957499690452
30, 25, 306.6657528112198
30, 26, 712.6047436168834
30, 27, 1023.2645801063434
30, 28, 1067.8168183477985
30, 29, 1022.6180389692973
30, 30, 814.0062611754815
30, 31, 429.56104236047344
30, 32, 70.92142935596486
30, 33, 5.6051118115773934e-8
30, 34, 1.2947070577526024e-7
30, 35, 4.693206637743557e-8
30, 36, 4.0150742084662077e-7
30, 37, 9.998121268061233e-7
30, 38, 5.922611203460419e-7
30, 39, 1.143582342242772e-6
31, 0, 1.192320561093446e-7
31, 1, 1.8532873192410628e-8
31, 2, 3.6804855086303963e-6
31, 3, 5.6271505872461e-7
31, 4, 1.4668578681342358e-6
31, 5, 1.978387945035154e-6
31, 6, 1.492665517401899e-7
31, 7, 1.925033656803434e-8
31, 8, 9.804729864779985e-7
31, 9, 227.04272034971714
31, 10, 886.9398304648976
31, 11, 1684.4515286376836
31, 12, 2341.9563558044147
31, 13, 2685.2942190739846
31, 14, 2394.3632472148697
31, 15, 1627.9270588663132
31, 16, 759.7461369053443
31, 17, 164.46367521636438
31, 18, 2.057658412815846e-5
31, 19, 2.4507015762203626e-5
31, 20, 2.2577991493663943e-5
31, 21, 3.720530716956325e-6
31, 22, 1.0747425134878995e-5
31, 23, 54.22737142115443
31, 24, 244.5258173875452
31, 25, 647.1090199686944
31, 26, 1134.1060767983824
31, 27, 1461.7534728028884
31, 28, 1463.79560775187
31, 29, 1337.0379277156758
31, 30, 1033.985285284355
31, 31, 561.0027090020046
31, 32, 127.01244292448858
31, 33, 1.0601007447972697e-6
31, 34, 3.009932246636026e-7
31, 35, 7.003960030765633e-7
31, 36, 2.772447805661117e-8
31, 37, 1.0081508763387995e-6
31, 38, 1.0513292022763551e-6
31, 39, 8.189212119347284e-8
32, 0, 3.539434727877811e-7
32, 1, 1.5272771219511216e-7
32, 2, 2.5925309699538927e-6
32, 3, 2.7586382415609773e-7
32, 4, 5.27500720556015e-7
32, 5, 3.770415797446393e-6
32, 6, 8.954578189212154e-7
32, 7, 4.28638106607354e-7
32, 8, 1.7783579482182443e-5
32, 9, 382.50329136459214
32, 10, 1284.5391308238266
32, 11, 2354.5754668651466
32, 12, 3250.694589801273
32, 13, 3725.839629852707
32, 14, 3412.0585173007858
32, 15, 2484.2690234187867
32, 16, 1364.1953101544718
32, 17, 479.3299577184332
32, 18, 61.64252163395981
32, 19, 0.00020253874927896425
32, 20, 7.025367133026127e-7
32, 21, 3.6320460784627473e-11
32, 22, 44.40718734421261
32, 23, 235.10552093515085
32, 24, 639.0872633328455
32, 25, 1257.4839199544087
32, 26, 1900.9245901796512
32, 27, 2278.9964381954555
32, 28, 2208.4512845040686
32, 29, 1921.86400304138
32, 30, 1429.042749582641
32, 31, 781.0763625688847
32, 32, 210.4872847140274
32, 33, 3.926999354969132e-7
32, 34, 3.971611379618852e-7
32, 35, 1.0511028662384334e-6
32, 36, 4.729045336345224e-7
32, 37, 3.4894301556295846e-7
32, 38, 3.6037109794760503e-7
32, 39, 2.9759162255476258e-8
33, 0, 4.5694020207405356e-7
33, 1, 6.050497725565503e-7
33, 2, 1.5708495910014424e-6
33, 3, 7.970157380662526e-8
33, 4, 1.1316241554576797e-7
33, 5, 4.828588604755264e-6
33, 6, 1.7590630177040902e-6
33, 7, 1.0815302001017548e-5
33, 8, 6.598337540639365e-7
33, 9, 620.1688399726752
33, 10, 1918.1707572832092
33, 11, 3460.0129279672333
33, 12, 4784.9184694868345
33, 13, 5482.318715573867
33, 14, 5066.632045082696
33, 15, 3803.8998529667606
33, 16, 2258.1101028441185
33, 17, 960.2131441820613
33, 18, 218.6209948341547
33, 19, 5.171668114295338e-6
33, 20, 4.1549110545957637e-7
33, 21, 0.0003371986302441779
33, 22, 143.02102664561826
33, 23, 535.0347222599503
33, 24, 1227.5563884494402
33, 25, 2166.3473759482636
33, 26, 3076.0257791847393
33, 27, 3556.0491606817604
33, 28, 3352.8068187011127
33, 29, 2782.328169540815
33, 30, 1974.317840635183
33, 31, 1059.5103384550032
33, 32, 304.2644323015232
33, 33, 2.3877567773188404e-5
33, 34, 3.0745813537779775e-6
33, 35, 9.343724121476438e-7
33, 36, 7.468225150044655e-7
33, 37, 8.953721148831742e-8
33, 38, 5.4088870075174856e-8
33, 39, 2.113109871929688e-7
34, 0, 3.389647320654264e-7
34, 1, 4.5234846402125755e-7
34, 2, 1.5852950321848218e-6
34, 3, 1.5211353212686753e-9
34, 4, 4.002433291090444e-6
34, 5, 3.4952649999230694e-9
34, 6, 2.560631752916593e-6
34, 7, 3.1982860632345624e-6
34, 8, 2.3175308424623488e-5
34, 9, 959.8864396330814
34, 10, 2836.5971508718108
34, 11, 5131.672929953928
34, 12, 7215.614931908754
34, 13, 8322.339841898078
34, 14, 7611.7289030612665
34, 15, 5686.76062425957
34, 16, 3450.8886569383635
34, 17, 1587.5617857859954
34, 18, 448.0320441195536
34, 19, 15.100878025146459
34, 20, 3.721292035184637e-7
34, 21, 10.90248841238312
34, 22, 286.02425807470485
34, 23, 938.6519381126966
34, 24, 2024.5702371402085
34, 25, 3458.8011852740497
34, 26, 4851.538593568753
34, 27, 5557.805552754331
34, 28, 5083.973430981726
34, 29, 3996.4888538198093
34, 30, 2681.4948470941904
34, 31, 1387.1526448700938
34, 32, 401.6864809494273
34, 33, 6.927321857577685e-6
34, 34, 1.6018496821092908e-8
34, 35, 1.6250726105716008e-8
34, 36, 5.245930161263054e-8
34, 37, 1.3431376293983212e-6
34, 38, 1.045727001183012e-6
34, 39, 7.192400979340443e-7
35, 0, 3.431915650152869e-8
35, 1, 1.4300974303161562e-6
35, 2, 2.8651147752939173e-7
35, 3, 4.3386809523683695e-7
35, 4, 7.118969064364877e-7
35, 5, 3.7355680042809076e-8
35, 6, 6.115615612320311e-7
35, 7, 7.230379808012132e-6
35, 8, 92.32028144964252
35, 9, 1456.8070733977418
35, 10, 4093.976948290345
35, 11, 7555.098145733432
35, 12, 11061.873862970191
35, 13, 13100.790783187751
35, 14, 11541.463140562206
35, 15, 8270.094723351427
35, 16, 4925.783465878949
35, 17, 2323.505116501516
35, 18, 738.3997192737547
35, 19, 73.98695438271056
35, 20, 1.2985004491873133e-5
35, 21, 41.74703190238741
35, 22, 469.02502561695655
35, 23, 1427.3272573100023
35, 24, 3032.213534724087
35, 25, 5248.039780274303
35, 26, 7587.173439573549
35, 27, 8887.308795955872
35, 28, 7759.733010109255
35, 29, 5676.066038344119
35, 30, 3555.427364289529
35, 31, 1752.3866680892306
35, 32, 500.46752394780015
35, 33, 1.6669973347743248e-5
35, 34, 6.810979735044137e-6
35, 35, 2.5494950758665364e-7
35, 36, 1.315148255578634e-6
35, 37, 1.472671310455975e-7
35, 38, 1.0734148706116282e-6
35, 39, 4.189858750844296e-7
36, 0, 2.9038320204219687e-6
36, 1, 4.1861546270327126e-7
36, 2, 1.4973076042462466e-6
36, 3, 4.401097582099824e-6
36, 4, 1.972078440795719e-11
36, 5, 7.255248563053619e-7
36, 6, 4.409261686415946e-6
36, 7, 1.425090352728308e-5
36, 8, 240.61515866946266
36, 9, 2001.4416123563992
36, 10, 5494.901808583779
36, 11, 10659.010776126106
36, 12, 16985.546284004147
36, 13, 21757.043441082744
36, 14, 17490.190087892483
36, 15, 11432.414093106632
36, 16, 6420.08772459865
36, 17, 2986.921687644819
36, 18, 1007.0832755734598
36, 19, 150.25812025484862
36, 20, 0.0005029887829292494
36, 21, 88.39064138332452
36, 22, 653.4440710293769
36, 23, 1897.8109262344367
36, 24, 4096.83722568566
36, 25, 7484.417220436389
36, 26, 11761.001210574286
36, 27, 14927.596034302134
36, 28, 11865.221940100166
36, 29, 7784.531947484246
36, 30, 4461.93960402742
36, 31, 2076.732385119157
36, 32, 583.025837236211
36, 33, 1.2126150850659106e-5
36, 34, 5.010466565721395e-6
36, 35, 9.863487175971594e-8
36, 36, 9.851361856953249e-7
36, 37, 2.756710295427264e-7
36, 38, 4.437347110681286e-7
36, 39, 1.7320168820652797e-6
37, 0, 7.032068176081949e-7
37, 1, 4.693252827069236e-6
37, 2, 1.099690088181375e-6
37, 3, 5.663992276353942e-6
37, 4, 5.1287763625821e-7
37, 5, 1.0213331521782632e-8
37, 6, 1.4878385793932452e-5
37, 7, 2.621767370987593e-6
37, 8, 331.0494289126057
37, 9, 2235.2415365283023
37, 10, 6274.351075939704
37, 11, 13401.638870433591
37, 12, 25148.199758543848
37, 13, 39803.33070702942
37, 14, 25590.68400452395
37, 15, 14082.754458557854
37, 16, 7103.5789886389575
37, 17, 3143.9075837574937
37, 18, 1073.1518508452086
37, 19, 189.76717263403503
37, 20, 0.0012903140827879155
37, 21, 120.62822267337036
37, 22, 718.2286951127685
37, 23, 2054.1264662820204
37, 24, 4653.312045553413
37, 25, 9427.74378974015
37, 26, 17486.565582254814
37, 27, 27536.597668596663
37, 28, 17526.744895551452
37, 29, 9601.646792427182
37, 30, 4865.174523019563
37, 31, 2105.858814084547
37, 32, 574.0771253064737
37, 33, 5.636146684854e-5
37, 34, 2.3390371191219474e-6
37, 35, 1.5559010838385283e-7
37, 36, 1.3279872091238979e-8
37, 37, 8.590741556140194e-7
37, 38, 8.471815575147564e-9
37, 39, 1.8560161840461037e-7
38, 0, 5.788735472794084e-6
38, 1, 6.511415600795697e-10
38, 2, 4.1712116167635236e-7
38, 3, 2.133665116713807e-6
38, 4, 4.092459467665752e-6
38, 5, 4.641814383312158e-7
38, 6, 5.223318864884266e-6
38, 7, 3.4186819533264953e-6
38, 8, 241.85687570861822
38, 9, 1628.0839679721548
38, 10, 4889.839687796717
38, 11, 12221.044065911281
38, 12, 31002.5216873241
38, 13, 87006.39032050483
38, 14, 31274.99322912643
38, 15, 12633.210544454729
38, 16, 5396.349859419754
38, 17, 2201.897762369911
38, 18, 735.0044912613629
38, 19, 137.76671151754022
38, 20, 1.811184021798203e-7
38, 21, 94.70835552884488
38, 22, 507.91290068913264
38, 23, 1469.214687544019
38, 24, 3597.4344135987967
38, 25, 8584.62140427928
38, 26, 21592.525021259105
38, 27, 60495.05233432793
38, 28, 21592.769774877837
38, 29, 8657.131388324387
38, 30, 3689.1471137063854
38, 31, 1459.6113859613345
38, 32, 380.06399270331264
38, 33, 6.018909898757516e-6
38, 34, 1.674229601692732e-7
38, 35, 8.95997728953214e-7
38, 36, 2.0193970917530824e-7
38, 37, 5.818874261894452e-7
38, 38, 3.473564806788719e-6
38, 39, 4.825378409717275e-6
39, 0, 8.917646234168994e-7
39, 1, 4.483077459949656e-7
39, 2, 1.7303204356653415e-6
39, 3, 1.1082729755253503e-7
39, 4, 1.1251774861187468e-5
39, 5, 5.776342523933e-8
39, 6, 1.6385242515948302e-5
39, 7, 7.292667790570686e-6
39, 8, 3.732841730521526e-7
39, 9, 0.00024948085801098475
39, 10, 0.0011257701792717115
39, 11, 0.0003483499936585527
39, 12, 0.0020614040926823863
39, 13, 246074.9680877735
39, 14, 0.00012546846435231924
39, 15, 0.0005021512098379068
39, 16, 0.0005326353823178519
39, 17, 0.00015131795740636468
39, 18, 3.2125719796515254e-5
39, 19, 5.400738860887211e-5
39, 20, 0.0012102501193750328
39, 21, 8.274272289905546e-5
39, 22, 0.0007424876136305578
39, 23, 0.00047621387412960937
39, 24, 5.7438860654077934e-5
39, 25, 0.0015946712695346097
39, 26, 0.038020056703053445
39, 27, 171398.5525386368
39, 28, 0.00032800362800602847
39, 29, 0.0016533231915402445
39, 30, 2.3044839000760414e-7
39, 31, 0.008882787578415157
39, 32, 3.50299013542108e-5
39, 33, 4.579865513202029e-6
39, 34, 1.8181182274709602e-6
39, 35, 1.0458119330406355e-6
39, 36, 2.667571648568593e-6
39, 37, 1.6777052188853795e-6
39, 38, 1.015899212189156e-6
39, 39, 8.533388936226387e-7
